spdb1017	12月18日
spdb1018	12月18日，保定银行业公众教育服务区正式启用，标志着公众教育服务工作迈上常态化、规范化、立体化新台阶。
spdb1019	保定银行业公众教育服务区分为自助示范区、接待咨询区和户外宣传区，常年有工作人员提供咨询、讲解服务，向社会公众介绍金融产品、服务、监管等方面的基础知识，进行风险提示，指导公众识别和防范风险的基本方法，提高公众以法律维护自身合法权益的意识
spdb1020	银行业公众教育服务区分示范区宣传区工作人员咨询服务社会公众金融产品服务监管方面基础知识风险公众识别风险方法公众法律权益意识
spdb1027	['yes', '是']
spdb1028	10项45项
spdb1029	五项
spdb1030	福建银监局采取“五项措施”督促农信机构降低融资成本。
spdb1037	（一）浙江九地银行集成专项资源，开辟智造企业支持通道。一是专门组建科技支行，提高审贷效能。九地依托13家科技型支行，创新智能制造行业调查流程，快速响应智能制造企业融资需求。如温州龙湾农商行科技支行派驻专人对接高新园区，收集
spdb1038	（二）浙江九地银行业集成产品与服务，支持智造企业“走出去”与“引进来”。一是加速国际业务创新，实现智能装备“走出去”。 九地银行业将银团贷款、资管计划等理念引入保函等传统业务，促进智造企业扩大出口产能、参与海外并购，
spdb1039	（三）浙江九地银行集成企业群体与生产线，支持大企业转型与小企业壮大。一是创新项目营运贷款，促成生产线集成。部分大型智造企业生产线由多个项目组成，项目间的衔接需要资金投入，但这部分资金需求量大且散，无法单独做项目贷款，需要后期流动资金
spdb1040	前身国有农场工人农民特点
spdb1047	['yes', '是']
spdb1048	关于开设理财和代销产品销售举报投诉电话的公告，为有效维护银行业消费者合法权益，杜绝误导、诱导销售和私售“飞单”等违规行为，我局在辖区部署开展了理财销售专区“双录”工作，目前已全面完成。
spdb1049	['yes', '是']
spdb1050	2017年1月1日起
spdb1057	阜新银行把服务阜新实体经济作为战略导向，积极转变发展方式，推进业务结构调整。一是加大对重点项目、产业集群和新兴产业等领域的金融投入。积极支持辽宁宝厦建筑产业基地、辽宁神坤液压支架项目、徐工（辽宁）整车装备等合作项目，推进企业在品牌引进
spdb1058	2017年6月6日
spdb1059	2017年6月6日，北京银监局批复同意北京中关村银行开业，标志着北京市首家民营银行正式落地。
spdb1060	该行在筹建之初即提出了“服务科创”的差异化功能定位，并提出“扎根中关村，以服务三创为根本宗旨，以科技金融为最大特色，目标是努力建设成为各类创新型企业提供全生命周期服务的综合性金融服务平台”的目标。
spdb1067	湖南银行业加强收费项目清理，落实“七不准、四公开”和小微企业收费“两禁两限”要求，
spdb1068	['yes', '是']
spdb1069	0.85个
spdb1070	新疆银监局
spdb1077	['yes', '是']
spdb1078	廊坊银行网金科技银生宝
spdb1079	网金科技负责虚拟账户及整体系统开发、平台接入等运营服务，“银生宝”负责银行账户支付通道相关服务，廊坊银行提供资金存管服务。
spdb1080	通过在廊坊银行建立虚拟账户体系并与P2P平台进行对接，承载P2P客户的在线开户、实名认证、账户充值、提现及账户间资金划转功能，实体资金则通过廊坊银行的银行账户划拨。
spdb1087	吉明局长先后赴宁波日和新材料有限公司和宁波炜业兴茂进出口有限公司开展调研。
spdb1088	吉明局长向两家企业负责人深入了解了中小企业发展现状、金融产品和服务需求情况、经济金融环境对企业生产经营的影响、互联网冲击下的产品销售转型情况、企业面临的困难和诉求等。
spdb1089	发布《通知》的背景是什么？ 答：近年来，银信类业务增长较快，其中银信通道业务占比较高，存在一定风险隐患。对此，银监会高度重视，制定《通知》，对银信类业务，特别是银信通道业务予以规范。
spdb1090	二、《通知》的主要内容和要求是什么？ 答：《通知》共10条，主要包括四方面内容：一是明确银信类业务及银信通道业务的定义。《通知》明确将银行表内外资金和收益权同时纳入银信类业务，并在此基础上明确了
spdb1097	['yes', '是']
spdb1098	山东中行还积极为跨国企业集团提供跨国并购、债券发行、直接投资、资产管理等综合性、专业化服务。
spdb1099	115亿元
spdb1100	8月9日10时30分
spdb1107	59个99亿美元
spdb1108	广西银监局引导银行业打好“组合拳”服务科创企业发展。一是进驻高新技术开发区和科技园区，提升金融服务功能；二是制定专门的科技型企业授信管理办法；三是成立专营服务科创企业的科技业务部；四是运营产业基金模式为企业改造服务提供融资支持；五是用好广西
spdb1109	鞍山农村中小机构通过“银税合作”将小微企业纳税信用等级、纳税数据等信息与金融服务挂钩，既缓解了银行放贷顾虑又节约企业财务成本
spdb1110	78户6.62亿元
spdb1117	银监局地方税务局税合作框架协议
spdb1118	根据《框架协议》，国税、地税、银监三部门将成立“银税互动”合作领导小组，建立联席会议定期通报银税合作进展，研究解决银税合作过程中遇到的问题，并开展其他有利于“扶企业、稳增长”的合作项目。
spdb1119	同时，11家金融机构与广西地方税务局签署《银税服务战略合作协议》。
spdb1120	['yes', '是']
spdb1127	30多亿元
spdb1128	1.5亿美元
spdb1129	2014年3月26日
spdb1130	2015年8月
spdb1137	广州农商银行腾讯科技
spdb1138	二是广州农商银行与腾讯科技创新企业级市场的金融服务。构建基于腾讯金融云的移动互联网金融生态圈，开展网络金融业务及互联网金融产品等方面的合作，为企业客户和其员工提供基于互联网金融应用客户端的工资理财产品、小额贷款产品、消费金融产品等业务创新模式。
spdb1139	三是广州农商银行与腾讯科技研发综合性金融云产品。
spdb1140	一是广州农商银行与腾讯科技构建技术创新和共享平台。成立“科技金融创新实验室”，借助腾讯在金融云、区块链、大数据分析、人工智能等方面的优势，探索企业客户互联网金融产品业务新模式。
spdb1147	石河子国民村镇银行
spdb1148	 一是布局。截至2016年6月末，博尔塔拉农村中小金融机构在州辖共设立网点36个，各乡镇均实现了存、贷、汇业务全覆盖；机构网点服务已覆盖97个行政村，各类电子机具已覆盖116个政村数。二是创新。如，工行博尔塔拉分行的“诚税贷”、“银政通”、建行博尔塔拉分行的“助保贷”等产品，降低了小微企业融资门槛。三是减费。如石河子辖内2家村镇银行先后成功发行全免费银联借记卡“明珠卡”和“蜜蜂卡”13万张，年费、跨行取款、转账等费用由村镇银行全额承担，最大程度让利于民。四是便民。
spdb1149	二是创新。如，工行博尔塔拉分行的“诚税贷”、“银政通”、建行博尔塔拉分行的“助保贷”等产品，降低了小微企业融资门槛
spdb1150	['yes', '是']
spdb1157	河北银监局引导银行业机构区别对待产能过剩行业情况，避免“一刀切”，做到“有保有压、有扶有控”。
spdb1158	['yes', '是']
spdb1159	1000亿元45亿元
spdb1160	截至2017年一季度末
spdb1167	['yes', '是']
spdb1168	五、《国家开发银行监督管理办法》在完善开发银行公司治理方面有哪些要求？  建立健全公司治理机制是开发银行深化改革的重点内容之一。
spdb1169	近日，邮储银行山西省分行启动资产保全“专项行动”，采取移交、清收、呆账核销“三管齐下”措施，加大不良资产处置力度。
spdb1170	['yes', '是']
spdb1177	2011年
spdb1178	工行河北省分行针对近期存款纠纷案件，以“大额定期存款、开通网上银行、短期内定期转活期、汇入他人账户”为筛选条件，建立了大数据模型，对疑似异常定期存款进行筛查，共排查出潜在风险存款115笔1.72亿元。
spdb1179	河北省大型银行防范操作风险，提高柜面业务风险防控能力。一是借助大数据模型排查风险客户。如，工行河北省分行针对近期存款纠纷案件，以“大额定期存款、开通网上银行、短期内定期转活期、汇入他人账户”为筛选条件，建立了大数据模型，对疑似异常定期存款
spdb1180	['no', '不是']
spdb1187	['yes', '是']
spdb1188	37.48亿元630家22.02亿元516家
spdb1189	['yes', '是']
spdb1190	在李赛辉看来，就像大小超市的关系一样，要改变县域的金融状况，最重要的是发展立足县域、在农民身边的小机构。
spdb1197	银行农户企业信贷产品重点乡镇县经信委县工商联企业银政合作关系龙头企业家庭农场林权抵押农产品特色信贷产品抵押品担保方式难题
spdb1198	14.6亿元
spdb1199	25家53笔
spdb1200	6月15日
spdb1207	河南漯河郾城包商
spdb1208	河南漯河郾城包商村镇银行“四个专注”打造服务“三农”新模式。
spdb1209	['yes', '是']
spdb1210	['yes', '是']
spdb1217	['yes', '是']
spdb1218	3家
spdb1219	微众银行、中信银行信用卡中心等与电商合作在购买二手车、住房装修、网络购物等领域开展全景化合作，
spdb1220	兴业银行深圳分行等与医疗机构合作有效解决患者挂号、候诊、缴费排队难题，
spdb1227	为进一步深化改革开放，更好地发挥在华外资银行在“一带一路”国家战略实施以及我国经济结构转型调整中的积极作用，银监会近日发布《关于外资银行开展部分业务有关事项的通知》（以下简称《通知》）。
spdb1228	《关于外资银行开展部分业务有关事项的通知》明确，在华外资银行可以与母行集团开展内部业务协作，为“走出去”的企业在境外发债、上市、并购、融资等活动提供综合金融服务，发挥外资银行的全球化综合服务优势。
spdb1229	['yes', '是']
spdb1230	为深入贯彻党的十八届五中全会以及2016年中央经济工作会议精神，落实国务院和银监会关于发展绿色金融的各项部署，引导辖区银行机构大力发展绿色金融，支持供给侧结构性改革，助力区域经济提质增效和生态文明建设，青岛银监局出台《关于加强绿色金融服务的指导意见》。
spdb1237	['yes', '是']
spdb1238	686.80亿元41个
spdb1239	为贯彻落实国家“一带一路”战略部署，青海银监局针对青海在“丝绸之路经济带”中的人文优势、区位优势和资源优势，引领银行业主动对接互联互通、贸易融通以及节点城市建设中的大工程、大项目、大企业的融资需求，着力打造特色银团贷款服务品牌，提供一揽子综合性
spdb1240	686.80亿元41个
spdb1247	发布《商业银行股权管理暂行办法》的背景是什么？ 答：银监会一直积极贯彻落实党中央、国务院关于防控金融风险、弥补监管短板的决策部署，大力排查监管制度漏洞，坚决治理市场乱象，坚决打击违法行为。当前，银行业金融机构快速发展，社会资本发起设立、参股或
spdb1248	二、《商业银行股权管理暂行办法》确立了哪些立法原则？ 答：《办法》提出了“分类管理、资质优良、关系清晰、权责明确、公开透明”的二十字原则。
spdb1249	银监会银监会
spdb1250	['yes', '是']
spdb1257	一是建立“两个机制”。
spdb1258	三是强化“两项服务”。强化信贷金融服务，根据农村实际和农户需求，推出“专业大户、农业加工、家庭农场”等助农信贷业务。与重庆市农业担保有限公司合作，积极探索新的担保方式，破解农户贷款担保难题。强化科技金融服务，贷款农户与银行、担保公司签订贷款合同后，运用科技手段，现场为农户开立银行结算账户和手机银行，指导农户使用手机银行进行日常结算，打通金融服务的“最后一公里”。
spdb1259	100%
spdb1260	河北省股份制银行持续加大京津冀协同发展支持力度。
spdb1267	西藏银监局持续督促和指导邮储银行西藏分行认真学习领会《中国邮政储蓄银行代理营业机构管理办法(修订)》（以下简称《办法》），采取有力措施抓好贯彻落实，邮储代理机构标准化改造取得了实质性进展。
spdb1268	 西藏银监局高度重视《办法》的贯彻落实及简政放权工作，通过日常监管、走访，督促邮储银行西藏分行将《办法》的培训学习向基层网点和一线人员有效延伸，加大对《办法》落实情况和发现问题的沟通和指导。
spdb1269	['yes', '是']
spdb1270	三个11家
spdb1277	['yes', '是']
spdb1278	两年
spdb1279	一、客户意见处理高效化，提升金融消费者满意度 一是开门纳谏，提前介入。
spdb1280	三、消保评价档案规范化，奠定有序工作基础 一是做好消费者权益保护工作各类档案的保存。
spdb1287	 当天，中科院上海药物所宁波生物产业创新中心二期、宁海县中小企业孵化基地、徐霞客大道西延伸段绿化景观、甬临线杨梅岭至堤树岭段改线工程等项目也集中开工，总投资额达１６．６亿元。
spdb1288	今年１月，鄞州实现合同利用外资０．９４亿美元、实际利用外资１．３６亿美元，比去年同期分别增长４．８％和４．６％；
spdb1289	内资、浙商回归实际到位资金分别达２３．８９亿元和８．０１亿元，均超去年前两个月的引资总额。
spdb1290	一、完善金融扶贫政策措施，强化“窗口”指导 一是强化政策措施“窗口”。按照中央、银监会、陕西银监局印发的金融扶贫要求，分局积极督导辖内银行业机构完善扶贫政策措施。
spdb1297	['yes', '是']
spdb1298	为落实国务院支持小微企业发展的政策要求，河北银监局于4月份组织开展了“小微企业金融服务宣传月”活动
spdb1299	一、加大科技投入，金融服务到田间地头。今年以来，各县域银行业机构积极加大资金、设备投入，金融服务手段不断提高。如藁城市联社及时添置小额贷款系统所需设备，其中配备笔记本50台，指纹仪66个，摄像头54个，扫描仪10个，33个
spdb1300	4200多家
spdb1307	并计划于今年上线“基础设施即服务”Mini-IaaS项目以完成对虚拟化平台Deep Pod的扩充。
spdb1308	['yes', '是']
spdb1309	农发行安庆市分行积极发挥政策性金融扶贫作用,按照“政府主导、精准扶贫、统贷统还、专款专用、风险可控”的原则，主动对接国定贫困县岳西县产业扶贫规划，积极探索以扶贫批发资金支持产业扶贫。
spdb1310	分行农村发展投资有限公司借款人
spdb1317	近年来，三明银监分局积极引导辖内银行业机构支持三明市国家扶贫改革试验区建设，探索以精准扶贫为主、普惠扶贫为辅的扶贫模式，运用创新扶贫和知识扶贫等手段，取得明显成效。
spdb1318	。引导银行业机构把当地特色农业产业、种养殖业和农副产品加工业等作为信贷扶持重点，积极与农办、财政、妇联等部门合作，着力解决创业资金缺口
spdb1319	二是精准扶贫到村。突出整村推进，创新贫困村资金互助机制。沙县建立全省首个村级精准扶贫担保基金，对于有资金需求且具备一定创业能力的贫困户，无需缴纳入股资金，即可申请贫困户创业贷款3至5万元，同时享受基准利率贴息，目前为10位
spdb1320	['yes', '是']
spdb1327	截至2015年末，银行业已完成对新区175个重大项目的授信，授信金额达841.05亿元，其中已到位融资285.19亿元，有力保障新区远洋渔业基地、鱼山岛拆迁工程等一大批重点项目建设的顺利推进以及新一轮产业项目布局的顺利开展。
spdb1328	['yes', '是']
spdb1329	2559人次
spdb1330	活动中，新疆银监局积极引导银行机构深入少数民族较集中的南疆地区开展宣传，为少数民族群众进行个人信息保护、电信诈骗预防等方面的知识宣传与咨询，较好地促进了民族团结，维护社会稳定。
spdb1337	两年2018 年12月31 日
spdb1338	安康银监分局提出的金融顾问为企业推行免费顾问咨询服务，以明晰企业产权、规范企业财务、完善企业规章、规范企业管理为主线，重点解决银行与企业之间信息不对称、贷款难和放款难并存的问题，同时坚持改进服务、做强金融、做实实体、银企
spdb1339	安康银监分局提出的金融顾问主要包括十项基本工作职责：一是负责制定企业帮扶年度计划，拟定、落实具体帮扶工作措施，适时为企业提供业务咨询；二是按季度定期到企业了解、掌握企业生产经营状况，指导企业完善内部经营管理制度；三是指导企业明晰产权
spdb1340	['yes', '是']
spdb1347	魅娘大赛银行分行社区客户设计服务
spdb1348	['yes', '是']
spdb1349	为指导商业银行规范押品管理，有效防范和化解信用风险，银监会近日发布《商业银行押品管理指引》（以下简称《指引》）。银监会有关部门负责人回答了记者提问。一、发布《指引》的背景是什么？ 答：抵质押品是商业银行缓释信用风险的重要手段
spdb1350	二、加强押品管理应遵循什么原则？ 答：商业银行押品管理应遵循合法性、有效性、审慎性和从属性原则，既要依法依规加强押品管理，确保抵质押担保能够有效保障银行债权，又要充分考虑押品自身风险因素，审慎制定押品管理政策，动态评估
spdb1357	国家开发银行宁波分行，一是坚持开发性金融“大风险”理念，围绕政府关心的热点和难点提供“融资、融智”服务。二是坚持规划先行，对未来资产质量进行前瞻性预判，推动风险管理工作从“狩猎”转向“农耕”。三是结合信贷产品风险特点，成功
spdb1358	截至2015年6月底，该行表内信贷资产达千亿元，不良资产率保持低位运行，已连续六年被宁波市政府授予“融资贡献奖”、“金融机构综合考评一等奖。
spdb1359	['yes', '是']
spdb1360	办公厅关于做好银行业金融机构  债权人委员会有关工作的通知
spdb1367	浦发银行西安分行编写了消保培训材料，一是自行开发消保培训教材，编写了《金融消费者知识问答手册》《厅堂员工服务规范手册》《大堂经理100问》和《客户服务技巧汇编》四项培训教材，以图文并茂的方式传导消保知识和服务规范，其中部分教材系该行
spdb1368	福建银监局关于2017年度银行业支持扶贫开发工作的意见，（一）明确支持扶贫开发信贷投放目标。
spdb1369	福建银监局具体通过，推进电子银行业务。
spdb1370	['yes', '是']
spdb1377	探索开展“企业通”产品，由银行根据工商部门要求收集整理注册企业相关资料报送工商部门，工商注册审批后银行直接跟进提供结算服务，实现工商注册与银行结算服务进行无缝衔接，提高企业注册登记及账户结算时效。
spdb1378	['yes', '是']
spdb1379	城乡品质建设目标中心城区品质重点项目县城品质提升项目年度
spdb1380	今年，宁波市将紧紧围绕“提升城乡品质、建设美丽宁波”目标，在中心城区加快推进品质提升重点项目457个，各县市区推进美丽县城品质提升项目700多个，力争完成年度投资2000亿元以上；使“住房难”、“解危难”、“出行难”
spdb1387	12家3亿元
spdb1388	工商银行镇江分行和建设银行镇江分行通过自有网上商城提供第三方交易服务，成功签约30家实体企业入驻网上商城。
spdb1389	中国银行镇江分行和交通银行镇江分行与9家电商建立战略合作关系，通过电商平台，为实体企业提供网上采购和销售“一站式”服务。
spdb1390	['yes', '是']
spdb1397	   福建银行业启动第四届小微企业金融服务宣传月活动，二是突出宣传要点。
spdb1398	2015年6月末，辖内小微企业贷款余额7236.27亿元，同比增长13.08%，小微企业贷款户数39.20万户，同比增长23.30%；小微企业贷款占各项贷款比重达28.79%，比全国平均水平23.35%高出5.44个百分点。
spdb1399	 河南银监局建立小微企业金融产品库，深化银企对接，为深化小微企业融资服务，推动2016年全省银企对接活动开展，河南银监局借助“互联网+”，将线上产品推介和线下现场对接活动相结合，建立河南省银行业机构小微企业金融产品库。
spdb1400	河南省银行业机构小微企业金融产品库汇集了全省各类银行业机构近400种小微企业信贷产品，每种产品详细介绍了产品功能、服务对象、准入条件、担保方式、产品额度、融资期限以及办理流程等信息。
spdb1407	中资银行村镇银行技术制造业贷款
spdb1408	截至6月末，北京辖内中资银行（不含村镇银行）对高技术制造业贷款972.84亿元，较年初增加72.11亿元，增幅8.01%，同比增加117.87亿元，增幅13.79%。
spdb1409	北京辖内中资银行对高技术制造业，从贷款结构来看一是大型企业高技术制造业贷款发展势头强于中小型企业；二是贷款增量高度集中于集成电路制造等行业；三是高技术制造业贷款质量显著优于制造业贷款整体水平。
spdb1410	['yes', '是']
spdb1417	2011年底，江西省银行业金融机构实现税后利润为238.41亿元，同比增长48.13%。
spdb1418	['yes', '是']
spdb1419	资本总额百分之一百分之五
spdb1420	商业银行股东及其关联方、一致行动人单独或合计持有商业银行资本总额或股份总额百分之一以上、百分之五以下（“以上”含本数，“以下”不含本数，下同）的，应当在取得相应股权后十个工作日内通过商业银行向银监会或其派出机构报告。
spdb1427	2018年3月17日至18日
spdb1428	['yes', '是']
spdb1429	对不在规定时间内提交放弃声明，又因个人原因放弃面试的，将上报中央公务员主管部门记入诚信档案。
spdb1430	20）之前到所在考点候考室备考，未按上述规定时间到达候考室的考生视为自动放弃面试资格。
spdb1437	338.06万平方米19923户
spdb1438	第一批50.36亿元第二批154亿元
spdb1439	近日，农行青岛分行为优质重点客户圣元集团成功发放首笔“走出去”贷款2000万欧元，进一步提升了跨境服务水平，拓宽了银企合作范围。
spdb1440	农行青岛分行根据总行刚推出的支持企业“走出去”的产品和政策，结合欧元走势，为企业量身定做了“保证金+理财质押+走出去欧元融资+远期结售汇”的产品组合。
spdb1447	管理公司资本管理办法资本办法
spdb1448	近日，中国银监会为加强对金融资产管理公司（以下简称资产公司）的资本监管，弥补制度短板，提升监管效能，引导资产公司进一步聚焦不良资产主业，服务实体经济和供给侧结构性改革，规范多元化经营，银监会发布《金融资产管理公司资本管理办法（试行）》（以下简称《资本办法》
spdb1449	2011年，中国银监会为适应股改转型后资产公司的监管，银监会制定并发布《金融资产管理公司并表监管指引（试行）》
spdb1450	['yes', '是']
spdb1457	辽宁银监局“四个强化”的具体内容：一是强化政策引领，科学制定规划，切实加大宣传引导力度，深入开展调研。二是强化督导考核，认真组织开展考核，加强监管督导。三是强化监管服务，指导银行用好用足支持政策，加大监管支持力度，大力
spdb1458	['yes', '是']
spdb1459	广西银监局对金融扶贫政策实施效果评估的目的：通过评估，全面掌握辖区银行业贯彻金融扶贫政策采取的措施及取得的成效，及时发现问题和困难并分析查找原因，为下一步改进和完善相关金融扶贫政策、实施差异化监管措施、提升金融精准扶贫效果提供
spdb1460	74万户
spdb1467	2017年12月末，西藏金融机构本外币各项存款余额为4959.06亿元，比年初增加579.40亿元，增长13.23%；各项贷款余额为4043.64亿元，比年初增加995.00亿元，增长32.64%;存贷比为81.54%，比年初上升11.93个百分点。
spdb1468	2017年12月末，西藏银行业金融机构涉农贷款余额为1177.55亿元
spdb1469	2017年，西藏银行业金融机构严格贯彻落实中央第五次全国金融工作会议精神,认真执行中央赋予西藏的特殊优惠金融政策，
spdb1470	斯洛伐克目前的经济概况，近年来，大量外国企业到斯洛伐克投资，形成了汽车、电子等为主的支柱产业，成为推动斯洛伐克经济和出口快速增长的主要动力之一。在外资、出口和内需的拉动下，斯洛伐克经济快速增长。2011年，在德国等主要贸易国市场需求的拉动
spdb1477	新闻发布会上，青岛银行郭少泉董事长以“真实、特色、稳健”六字简要概括了青岛银行的投资亮点。
spdb1478	银行机具机具金融卡信息惠民工程标识
spdb1479	为给客户提供更为全面、便捷、安全的自助服务体验，提升该行品牌形象，日前，晋中银行36台自助机具已完成升级
spdb1480	“金融IC卡信息惠民工程”标识是应人民银行“支持公共服务信息化水平的提升以及加快实施信息惠民工程，大力推进金融IC卡在公共服务领域应用”的要求而设定。
spdb1487	中国银行业监督管理委员会为规范信托投资公司集合资金信托业务的信息披露行为，保障集合信托计划当事人的合法权益，依据《中华人民共和国银行业监督管理法》、《中华人民共和国信托法》、《信托投资公司管理办法》和《信托投资公司资金信托管理暂行办法》的有关规定，中国银行业监督管理委员会制定了《信托投资公司集合资金信托业务信息披露暂行规定（征求意见稿）》
spdb1488	['yes', '是']
spdb1489	根据银监会推进基础金融服务村村通工作的有关要求，青岛银监局加强组织部署，制定了3-5年工作推进方案及实施计划，明确了摸清底数、逐步深入、定期通报的工作思路，提出了多方协同、加大宣传、查漏补缺的工作要求，推动辖区基础
spdb1490	根据银监会推进基础金融服务村村通工作的有关要求，青岛银监局加强组织部署，制定了3-5年工作推进方案及实施计划，明确了摸清底数、逐步深入、定期通报的工作思路，提出了多方协同、加大宣传、查漏补缺的工作要求，推动辖区基础
spdb1497	国分行化学工程股份有限公司化学电建集团投资有限公司电建海投市场合作协议
spdb1498	根据协议内容，国开行厦门分行将充分利用开发银行集团优势、海外平台优势、“投贷债租证”全牌照优势，以及在印尼市场拥有丰富项目经验的优势，积极为中国化学和电建海投开拓印尼市场提供优质高效的金融服务和增值服务，深化中印尼双边经贸关系。
spdb1499	['yes', '是']
spdb1500	 “农资分期业务”是为解决农户短期农资资金不足和农资公司应收账款渐增而推出的新型分期业务产品。
spdb1507	三一
spdb1508	邮储银行上海分行着力打造专业化为农服务体系，探索服务“三农”新模式。一是提供综合性服务方案。分行为职业农民提供丰富的金融产品，并借助邮政物流平台、邮乐电商平台和专业农信平台解决职业农民销售、配送、财务等信息服务难题。二是提供一对一
spdb1509	邮储银行上海分行探索服务“三农”新模式，三是提供常态化项目跟踪管理。
spdb1510	['yes', '是']
spdb1517	《规则》重新梳理了衍生工具资本计量的基础定义和计算步骤，明确了净额结算组合、资产类别和抵消组合的确定方法，分别规定了不同保证金安排情况下风险暴露的计量公式。
spdb1518	['yes', '是']
spdb1519	浙商银行上海分行
spdb1520	 浙商银行上海分行积极帮助企业“降成本”，一是深化流动性服务银行建设，帮助企业提升流动性管理效率、降杠杆和管理资产负债表。
spdb1527	2343个6934万元
spdb1528	年初
spdb1529	邮储银行中山市分行创新模式，强化“三农”金融服务 该行自年初设立三农金融事业部以来，秉承“坚持战略导向、平衡权责分配、确保边界清晰、坚持循序渐进”的原则，强化立足“三农”、服务“小微”的功能定位。
spdb1530	   邮储银行中山市分行创新模式，强化“三农”金融服务，一是针对“三农”普遍面临的抵押物匮乏的问题，深化与政府、企业、担保、保险、协会等平台的协作，创新“银证、银协、银企、银担、银保”五大合作平台
spdb1537	锦州辖内银行业采取多种手段和金融措施着力精准扶贫，勇于承担社会职责，实现收益与声誉“双赢”目标。一是以“农业龙头企业专项信贷模式”支持农民“链条式”就业增收。2016年上半年，全辖银行业通过简化审批手续、调节担保方式等优惠政策，对
spdb1538	2016年上半年，锦州银行业累计投放妇女小额贴息担保贷款2.71亿元，同比增加42.63%，惠及3641名创业女性，同比增加38.34%。有效的支持了妇女就业创业热潮，带动了城乡食用菌种植、蛋鸡养殖、手工编织等20多个项目发展，间接创造就业岗位万余个。
spdb1539	['yes', '是']
spdb1540	理财周报银行零售银行评选结果
spdb1547	广发银行郑州分行省政府省银监局广发总行
spdb1548	广发银行郑州分行积极落实省政府、省银监局关于支持小微企业发展的政策和广发总行“成为最高效的中小企业银行，最佳零售银行”的发展战略，以13家“小微企业金融中心”专营团队为主力、13家综合支行小微企业专业营销人员为辅助，大力拓展中小企业业务
spdb1549	广发银行郑州分行小微企业贷款余额112.89亿元，较年初增长10.35亿元，增幅10.09%，高于全行全部贷款增幅的9.49%；
spdb1550	['yes', '是']
spdb1557	党的十八届三中全会提出构建开放型经济新体制
spdb1558	下一步，银监会还将持续推进银行业对外开放
spdb1559	['yes', '是']
spdb1560	银行中资银行金融资产管理公司外资股比例限制
spdb1567	“金融部门评估规划”是国际货币基金组织和世界银行于1999年联合推出的评估项目，主要目的是评估成员经济体的金融体系发展程度和稳健性、监管框架质量以及应对金融危机的能力。
spdb1568	2009-2011年五年2015年10月
spdb1569	['yes', '是']
spdb1570	2015年4月
spdb1577	西藏银行股份有限公司西藏银监局
spdb1578	西藏首家地方性法人银行――西藏银行股份有限公司获得西藏银监局颁发的《金融许可证》，这标志着结束了西藏无地方银行的历史，实现了西藏人民的百年银行梦想。
spdb1579	西藏银监局将指导和推动西藏地方法人银行贯彻“立足西藏、服务西藏”的经营方针，逐步在区内其它地区、县设立分支机构和营业网点，进一步提升西藏金融服务均等化和可获得性水平，为西藏经济社会跨越式发展起到积极的推动作用。
spdb1580	['yes', '是']
spdb1587	河南银监局制定出台了《关于推进2016年小微企业金融服务工作的指导意见》，从信贷投放、政策导向、机制建设、服务创新、风险防控、监管约束、优化环境等方面，提出14条具体工作要求，推动2016年小微企业金融服务工作开展。
spdb1588	['yes', '是']
spdb1589	银行卡清算机构管理办法  （中国人民银行 中国银行业监督管理委员会令〔2016〕第2号） 第一章  总则第一条 为促进我国银行卡清算市场健康发展，规范银行卡清算机构管理，保护当事人合法权益，根据《中华人民共和国中国人民银行法》、《国务院关于实施银行卡清算机构准入管理的
spdb1590	银行卡清算机构管理办法  （中国人民银行 中国银行业监督管理委员会令〔2016〕第2号）     第一章  总则第二条 
spdb1597	广东辖内银行机构四个“主动”促降成本工作取得阶段性成果  一是主动减费让利，2017年上半年，辖内银行机构共取消收费项目187项，整合精简收费项目64项，降低收费标准171项，减费让利金额合计达26.44亿元。二是主动承担尽职调查、押品评估等
spdb1598	['yes', '是']
spdb1599	44所60余场2万
spdb1600	12
spdb1607	巾帼创业小额贷款促使一批中青年妇女成为当地发家致富的带头人和新农村建设的生力军，带动了1万余名城乡妇女实现就业，一定程度上缓解了下岗女工、返乡女工和女大学生的就业压力，社会效益逐步显现。同时，该联社巾帼创业贷款的成功推进，也为其他
spdb1608	['yes', '是']
spdb1609	二、推进福建与“一带一路”沿线国家的经贸文化交流。
spdb1610	三、服务福建与“一带一路”沿线国家的互联互通建设。
spdb1617	['yes', '是']
spdb1618	河南银监局
spdb1619	河南银监局出台意见，就做好2016年困难企业金融服务工作做出部署。
spdb1620	推动政府试点推行主办银行制度，即由河南省政府牵头，河南省银行业协会主办、河南银监局和人民银行、发改委、工信委等其他职能主管部门参与，建立银行之间互通共商机制，实现信息共享，增强债权行之间行动的协调性，统一思想，统一行动，不抽贷、不压贷，
spdb1627	湖南银监局始终将督促和指导银行业加强重点领域金融服务作为监管工作的重中之重，推动辖内银行业机构持续加强金融创新，提升服务实体经济质效。上半年
spdb1628	银监会、发改委印发《关于银行业支持重点领域重大工程建设的指导意见》，要求银行业做好重大工程项目建设金融服务。
spdb1629	['yes', '是']
spdb1630	三项9家4家38项
spdb1637	三
spdb1638	。将社办医院纳入信贷重点支持领域，明确业务准入标准，加大信贷支持力度
spdb1639	['yes', '是']
spdb1640	['yes', '是']
spdb1647	三家1968.56亿元
spdb1648	三家10个757.23亿元
spdb1649	青岛辖区三家政策性银行前10个月贷款投放总额为757.23亿元，中长期贷款占其投放总额的72.97%。
spdb1650	贷款余额1672.72亿元
spdb1657	1124个2941.38亿元287个531.16亿元
spdb1658	咸阳分局积极落实《咸阳涉农银行业金融机构“双基联动”实施方案》，推动涉农银行业金融机构开展客户信用档案建档评级工作，有效缓解了银行业机构和农村客户之间的信息不对称问题。
spdb1659	近期，咸阳分局积极落实《咸阳涉农银行业金融机构“双基联动”实施方案》，推动涉农银行业金融机构开展客户信用档案建档评级工作，有效缓解了银行业机构和农村客户之间的信息不对称问题。
spdb1660	['yes', '是']
spdb1667	邮储银行南阳市分行全力做好春耕备耕金融服务，三是送贷下乡，做好客户数据库建设。结合信用村镇建设成果，建立春耕备耕客户信息数据库，及时了解客户经营情况、资金需求等，为客户提供针对性金融服务。
spdb1668	银行分行春耕备耕金融服务产品知名度乡村路口集市政府所在地粉刷墙体广告服务海报宣传
spdb1669	公司行政许可事项实施办法主席会议日
spdb1670	《中国银监会信托公司行政许可事项实施办法》，第一条 为规范银监会及其派出机构实施信托公司行政许可行为，明确行政许可事项、条件、程序和期限，保护申请人合法权益，根据《中华人民共和国银行业监督管理法》、《中华人民共和国行政许可法》等法律、行政法规及国务院的有关决定，制定本
spdb1677	中国银监会关于规范商业银行代理销售业务的通知，近年来，随着商业银行代理销售业务快速发展，部分商业银行出现误导销售、未经授权代理销售、私自销售产品以及与合作机构风险责任不清等问题。
spdb1678	中国银监会关于规范商业银行代理销售业务的通知，近年来，随着商业银行代理销售业务快速发展，部分商业银行出现误导销售、未经授权代理销售、私自销售产品以及与合作机构风险责任不清等问题。为规范商业银行代理销售业务，保护投资者合法权益，促进代理销售业务健康有序发展，现就有关事项通知如下：
spdb1679	['yes', '是']
spdb1680	70亿元
spdb1687	['yes', '是']
spdb1688	全部75%
spdb1689	2014年建行辽宁省分行不断夯实客户基础，重点发展小微企业业务，形成了“速贷通”、“成长之路”、“小额贷”、“信用贷”四大产品体系，涵盖了30余种小微企业金融产品。
spdb1690	2014年建行辽宁省分行积极探索为小微企业提供金融服务的新模式，取得了显著成效。一是通过为核心企业提供供应链融资产品，将金融服务向上下游延伸，积极打造包括行业链、企业链、产品链的“链式服务”模式。二是结合小微企业业务特征，提出
spdb1697	一是建立小微企业联系点。巴南银监分局班子成员每人联系4家小微企业，共计16家。确定的小微企业联系点覆盖分局辖内3个行政区，主要选择当地支柱和扶持类行业的企业
spdb1698	巴南银监分局通过建立小微企业常态化联系机制，及时了解小微企业金融服务的困难和问题，持续推进小微金融服务工作。一是建立小微企业联系点。巴南银监分局班子成员每人联系4家小微企业，共计16家。确定的小微企业联系点覆盖分局辖内3个行政区，主要
spdb1699	['yes', '是']
spdb1700	银行业基调供给结构性改革主线全区经济质增效
spdb1707	['no', '不是']
spdb1708	第五条
spdb1709	中国银监会为规范商业银行并购贷款经营行为，提高商业银行并购贷款风险管理能力，加强商业银行对经济结构调整和资源优化配置的支持力度，促进银行业公平竞争，维护银行业合法稳健运行，根据《中华人民共和国银行业监督管理法》、《中华人民共和国商业银行法》等法律法规，制定本指引。
spdb1710	第四条  本指引所称并购贷款，是指商业银行向并购方或其子公司发放的，用于支付并购交易价款和费用的贷款。
spdb1717	渝东南银行业金融扶贫使真劲显实效
spdb1718	渝东南银行业，是细化责任，推进扶贫小额信贷。以落实分片包干责任制为抓手，坚持深入村镇、责任到人、精准到户，加大扶贫小额信贷的投放力度。
spdb1719	['yes', '是']
spdb1720	广东中山分局
spdb1727	2015年以来，交行深圳分行积极响应银监会倡导“绿色信贷”的号召，严格执行相关政策要求，一方面，根据不同行业环境风险实行名单制、差异化管理，对相关类别企业客户实施严格的环境和社会风险评价，严禁受理环保标识为红色类客户及项目；另一方面
spdb1728	交行深圳分行严禁受理环保标识为红色类客户及项目；
spdb1729	另一方面，交行深圳分行通过继续加强“产能过剩”行业的管控，实行“一户一策”，加大落后产能行业总量压降和结构调整，优化授信品种并合理设置期限结构，并积极推进低层级客户减退工作。
spdb1730	['yes', '是']
spdb1737	中国银行保险监督管理委员召开的党委（扩大）会议要求，银保监会各级党组织要以习近平新时代中国特色社会主义思想为指导，坚决维护以习近平同志为核心的党中央权威和集中统一领导，进一步增强“四个意识”，坚定“四个自信”，不折不扣抓好党中央决策部署
spdb1738	['yes', '是']
spdb1739	中国银监会关于进一步规范银行业金融机构  
spdb1740	中国银监会关于进一步规范银行业金融机构  吸收公款存款行为的通知所指公款是指财政专户资金、预算单位银行账户资金和国有企事业单位银行账户资金。
spdb1747	6.9%
spdb1748	城商行地方经济服务小微企业服务城乡居民市场定位科学发展理念风险管理水平整体实力
spdb1749	134家30.5万亿元五年五年3.7个
spdb1750	5条13款
spdb1757	二是广东辖内农合机构提升基础金融服务水平。累计参与建设信用村4974个，与2817家村级金融服务站建立合作关系，建设助农取款点4908个。
spdb1758	三是广东辖内农合机构加大支农产品和服务创新。全面开展农业“政银保”贷款项目，大力支持四类农业经营主体；稳妥有序开展“农村承包土地经营权”“农民住房财产权”“林权”抵押贷款试点工作。
spdb1759	['yes', '是']
spdb1760	3.67万笔162.96亿元
spdb1767	专区“双录”以技术手段增强了对于银行业金融机构销售行为的硬性约束，强化了其信息披露义务，有利于从源头上规范销售行为。
spdb1768	在此基础上，北京农商银行与政府合作推出“惠农一卡通”，
spdb1769	北京银监局引导北京农商银行搭建多应用管理平台，通过科技手段实现居民信息筛选维护、银政信息交互直联对接、购煤限额后台管理等，为政府以户为单位发放补贴、对补贴额度进行实时管控提供数据和技术支持。
spdb1770	北京农商银行与政府合作推出“惠农一卡通”，方便持卡人通过POS刷卡直接享受优惠价格购买政府补贴优质煤，并广泛布设POS机具实现煤改清洁能源金融服务全覆盖，为解决偏远山区居民冬季绿色取暖问题提供重要金融支持。
spdb1777	县域经济企业主体实体经济栖息地金融需求程度经济发展结构影响
spdb1778	由以煤炭为主的“黑金山”到现在的发展现代产业、生态农业，实现农民较快增收，王建球县长认为，“这都得益于金融的大力支持”。
spdb1779	两行两年10.84亿元
spdb1780	['yes', '是']
spdb1787	洛南阳光村镇银行
spdb1788	渭南银行业为灾后金融服务做的工作，一是深入受灾地区摸排调研。
spdb1789	第1507次
spdb1790	根据《中华人民共和国民事诉讼法》等有关法律、行政法规的规定以及审判实践的需要，制定《最高人民法院关于审理期货纠纷案件若干问题的规定（二）》规定。
spdb1797	['yes', '是']
spdb1798	第1504次
spdb1799	第二十三条 当事人之间对股权归属发生争议，一方请求人民法院确认其享有股权的
spdb1800	国务院银行业监督管理机构中国银行业监督管理委员会中国银监会中国银监会
spdb1807	第三十四条　外汇管理机关依法进行监督检查或者调查，监督检查或者调查的人员不得少于2人，并应当出示证件。监督检查、调查的人员少于2人或者未出示证件的，被监督检查、调查的单位和个人有权拒绝。
spdb1808	['yes', '是']
spdb1809	国务院外汇管理部门
spdb1810	审计法所称审计，是指审计机关依法独立检查被审计单位的会计凭证、会计账簿、财务会计报告以及其他与财政收支、财务收支有关的资料和资产，监督财政收支、财务收支真实、合法和效益的行为。
spdb1817	审计机关进行审计时，有权检查被审计单位的会计凭证、会计账簿、财务会计报告和运用电子计算机管理财政收支、财务收支电子数据的系统，以及其他与财政收支、财务收支有关的资料和资产，被审计单位不得拒绝。
spdb1818	审计机关履行审计监督职责，可以提请公安、监察、财政、税务、海关、价格、工商行政管理等机关予以协助。
spdb1819	1995年1月1日起1988年11月30日
spdb1820	被审计单位对审计机关作出的有关财务收支的审计决定不服的，可以依法申请行政复议或者提起行政诉讼。
spdb1827	土地承包经营权人依法对其承包经营的耕地、林地、草地等享有占有、使用和收益的权利，有权从事种植业、林业、畜牧业等农业生产。
spdb1828	['yes', '是']
spdb1829	公司、企业通过隐匿财产、承担虚构的债务或者以其他方法转移、处分财产，实施虚假破产，严重损害债权人或者其他人利益的，对其直接负责的主管人员和其他直接责任人员，处五年以下有期徒刑或者拘役，并处或者单处二万元以上二十万元以下罚金。
spdb1830	['yes', '是']
spdb1837	为了规范公司的组织和行为，保护公司、股东和债权人的合法权益，维护社会经济秩序，促进社会主义市场经济的发展，制定《中华人民共和国公司法》。
spdb1838	公司代表人公司章程规定董事长执行董事经理公司代表人变更登记
spdb1839	['yes', '是']
spdb1840	第二十三条
spdb1847	['no', '不是']
spdb1848	['no', '不是']
spdb1849	 基金管理公司条件证券监督管理机构公司法章程注册资本人民币股东证券经营证券投资咨询信托资产管理金融资产管理经营业绩社会信誉违法记录注册资本人民币基金资格人员人数要求营业场所防范设施基金管理业务设施稽核监控制度风险控制制度法律行政法规证券监督管理机构条件
spdb1850	第十六条 基金管理人的经理和其他高级管理人员，应当熟悉证券投资方面的法律、行政法规，具有基金从业资格和三年以上与其所任职务相关的工作经历。
spdb1857	['no', '不是']
spdb1858	行政机关实施行政许可，擅自收费或者不按照法定项目和标准收费的，由其上级行政机关或者监察机关责令退还非法收取的费用；对直接负责的主管人员和其他直接责任人员依法给予行政处分。
spdb1859	取得直接关系公共利益的特定行业的市场准入行政许可的被许可人，应当按照国家规定的服务标准、资费标准和行政机关依法规定的条件，向用户提供安全、方便、稳定和价格合理的服务，并履行普遍服务的义务；未经作出行政许可决定的行政机关批准，
spdb1860	 行政有效期行政许可有效期行政行政机关法律法规规章规定规定
spdb1867	商业银行根据业务需要可以在中华人民共和国境内外设立分支机构。
spdb1868	['no', '不是']
spdb1869	十亿元
spdb1870	借款人到期不归还担保贷款的，商业银行依法享有要求保证人归还贷款本金和利息或者就该担保物优先受偿的权利。
spdb1877	第八届第十三次
spdb1878	票据金额以中文大写和数码同时记载，二者必须一致，二者不一致的，票据无效。
spdb1879	以欺诈、偷盗或者胁迫等手段取得票据的，或者明知有前列情形，出于恶意取得票据的，不得享有票据权利。持票人因重大过失取得不符合本法规定的票据的，也不得享有票据权利。
spdb1880	3日内
spdb1887	第十五条独资银行、合资银行申请设立分行，应具备下列条件：  （一）在中国境内开业三年以上
spdb1888	一年
spdb1889	['no', '不是']
spdb1890	开业延期的最长期限为九十日。
spdb1897	['no', '不是']
spdb1898	四、投标参与人应符合以下条件： （一）具有健全风险内控机制和较强债券定价能力的金融机构； （二）上一年度通过中国人民银行发行系统投标认购债券总量（不包括中央银行票据）的排名在前80名； （三）最近两年
spdb1899	八、债券招标发行前，发行人除应按照相关规定向投资者履行信息披露义务外，还应至少提前一个工作日通过中国债券信息网（www.chinabond.com.cn
spdb1900	（二）本期债券发行办法和招标书，发行办法应至少包括招标方式、招标量、招标标的、中标确定方式、应急招投标方案和缴款方式等具体内容
spdb1907	['yes', '是']
spdb1908	['yes', '是']
spdb1909	公司财产全国银行债券市场债券交易集合计划专用债券账户账户名称公司全称加信托产品名称
spdb1910	['no', '不是']
spdb1917	基础资产池信用风险分析。
spdb1918	基础资产池信息披露投资者风险投资决策依据
spdb1919	基础资产池的总体特征。包括：贷款笔数、总本金余额、单笔贷款最高本金余额、单笔贷款平均本金余额、合同总金额、单笔贷款最高合同金额、单笔贷款平均合同金额、加权平均贷款年利率、单笔贷款最高年利率、加权平均贷款合同期限、加权平均
spdb1920	在信托合同有效期内
spdb1927	五个工作日内
spdb1928	根据《中华人民共和国中国人民银行法》、《中华人民共和国商业银行法》等有关法律、行政法规，制定本《同业拆借管理办法》。
spdb1929	['yes', '是']
spdb1930	['yes', '是']
spdb1937	三、进一步简化境内居民个人购汇手续，提高购汇限额，实行年度总额管理。在额度之内，个人凭真实身份证明在银行办理购汇并申报用途；银行对超过额度部分的个人购汇在审核相关凭证后按实际需求供汇。
spdb1938	三、进一步简化境内居民个人购汇手续，提高购汇限额，实行年度总额管理。在额度之内，个人凭真实身份证明在银行办理购汇并申报用途；银行对超过额度部分的个人购汇在审核相关凭证后按实际需求供汇。
spdb1939	六、拓展保险机构境外证券投资业务
spdb1940	四、拓展境内银行
spdb1947	中国外汇交易中心
spdb1948	（一） 非金融企业符合
spdb1949	['yes', '是']
spdb1950	3.保险公司注册资本金不低于10亿元人民币或等值外汇
spdb1957	六
spdb1958	三、混合资本债券可以公开发行，也可以定向发行。
spdb1959	五、混合资本债券公开发行和定向发行均应进行信用评级。
spdb1960	中国人民银行公告
spdb1967	五、本公告公布后，银行间即期外汇市场人民币对美元等货币交易价的浮动幅度和银行对客户美元挂牌汇价价差幅度仍按现行规定执行。
spdb1968	['yes', '是']
spdb1969	['yes', '是']
spdb1970	 为规范全国银行间债券市场金融债券发行行为，维护投资者合法权益，根据《中华人民共和国中国人民银行法》，制定《全国银行间债券市场金融债券发行管理办法》。
spdb1977	发行人未能在规定期限内完成发行的，原金融债券发行核准文件自动失效。
spdb1978	由同业中心负责披露的信息有： （一）市场报价信息; （二）市场成交和行情信息; （三）市场统计信息： 1.单只债券不同期限品种远期交易买入（或卖出）余额及其分别占市场远期交易买入（或
spdb1979	['yes', '是']
spdb1980	由同业中心和中央结算公司共同负责披露的信息有： （一）单只债券单日远期交易待交割量及其占该只债券市场流通量的比例，该比例超过5％的，向市场投资者公告该只债券名称和债券远期交易到期交割日期； （二）市场
spdb1987	远期交易标的债券券种应为已在全国银行间债券市场进行现券交易的中央政府债券、中央银行债券、金融债券和经中国人民银行批准的其他债券券种。
spdb1988	第四条　远期交易应遵循公开、公正、公平的原则。
spdb1989	['yes', '是']
spdb1990	　同业中心中央结算公司规定交易结算规则
spdb1997	第六条 市场参与者进行每笔买断式回购均应订立书面形式的合同，其书面形式包括全国银行间同业拆借中心（以下简称同业中心）交易系统生成的成交单，或者合同书、信件和数据电文等形式。
spdb1998	['no', '不是']
spdb1999	 价交易
spdb2000	第十一条 买断式回购的期限由交易双方确定，但最长不得超过91天。交易双方不得以任何方式延长回购期限。
spdb2007	['no', '不是']
spdb2008	第九条 投资者应当如实申报开户材料，不得采取虚假申报等手段规避投资者适当性标准要求。投资者提供虚假证明材料的，应当承担相应的责任。 投资者应当遵守“买卖自负”的原则，承担股指期货交易的履约责任，不得以不符合投资者适当性标准为由
spdb2009	违反投资者适当性制度要求，未能执行相关内控、合规制度的，中国证监会及其派出机构依据相关法律法规的规定，采取监管措施；情节严重的，根据《期货交易管理条例》第七十条进行处罚。
spdb2010	第十四条 期货公司和从事中间介绍业务的证券公司应当在其经营场所为投资者办理股指期货开户手续。
spdb2017	['yes', '是']
spdb2018	行政复议案件行政复议机构行政复议委员会审查行政复议委员会复议意见
spdb2019	2010年7月1日起
spdb2020	['no', '不是']
spdb2027	外商投资合伙企业外商投资合伙企业营业执照经营活动
spdb2028	　国家工商行政管理总局
spdb2029	['no', '不是']
spdb2030	第七条　外商投资合伙企业的登记事项包括： （一）名称； （二）主要经营场所； （三）执行事务合伙人； （四）经营范围； （五）合伙企业类型； （六）合伙人姓名或者名称、国家（地区）及住所
spdb2037	['no', '不是']
spdb2038	['yes', '是']
spdb2039	每年4月30日前
spdb2040	第十二条　人身保险公司披露的产品经营信息是指上一年度保费收入居前5位的保险产品经营情况
spdb2047	协会对基金评价业务进行检查时，可组织专家工作组进行专业评估，或聘请注册会计师等专业人员提供专业服务。
spdb2048	两年
spdb2049	中国证券业协会设立的基金评价业务专家工作组由中国证监会、协会、业内机构、学术研究机构的有关专家组成，由协会聘任，任期2年，可连续聘任。
spdb2050	评估咨询。
spdb2057	['yes', '是']
spdb2058	第八条　证券登记结算机构履行下列职能： （一）证券账户、结算账户的设立和管理； （二）证券的存管和过户； （三）证券持有人名册登记及权益登记； （四）证券和资金的清算交收及相关管理； （
spdb2059	第九条　证券登记结算机构不得从事下列活动： （一）与证券登记结算业务无关的投资； （二）购置非自用不动产； （三）在本办法第六十五条、第六十六条规定之外买卖证券； （四）法律、行政法规和中国证监会禁止的
spdb2060	第九条　证券登记结算机构不得从事下列活动：  （一）与证券登记结算业务无关的投资；  （二）购置非自用不动产；  （三）在本办法第六十五条、第六十六条规定之外买卖证券；  （四）法律、行政法规
spdb2067	第四条　从事基金评价业务，应当遵循下列原则： （一）长期性原则，即注重对基金的长期评价,培育和引导投资人的长期投资理念,不得以短期、频繁的基金评价结果误导投资人； （二）公正性原则，即保持中立地位，公平对待
spdb2068	机构基金评价业务活动监督管理证券业协会基金评价业务活动自律管理
spdb2069	['no', '不是']
spdb2070	为应对国际金融危机的冲击，贯彻落实党中央、国务院关于进一步扩大内需、促进经济增长的十项措施，认真执行积极的财政政策和适度宽松的货币政策，加大金融支持力度，促进经济平稳较快发展，经国务院批准，提出《国务院办公厅关于当前金融促进经济发展的若干意见》
spdb2077	《国务院办公厅关于当前金融促进经济发展的若干意见》加大对产业转移的信贷支持力度。
spdb2078	《关于非金融机构合格投资人债券交易有关事项的公告》所指报价商为非金融企业债务融资工具主承销商（简称“主承销商”）和银行间债券市场做市商。
spdb2079	 非金融机构通过非金融机构合格投资人交易平台开展交易业务前应向交易商协会备案。
spdb2080	一、 非金融机构通过非金融机构合格投资人交易平台开展交易业务前应向交易商协会备案。
spdb2087	['yes', '是']
spdb2088	['no', '不是']
spdb2089	第十四条   同业中心交易系统生成的成交单为交易双方达成的交易合同，约定交易双方、交易日期、债券品种、债券数量、交易价格或利率、结算方式、结算金额等交易要素。
spdb2090	加强银行间债券市场自律管理，规范市场参与者相关交易行为，有效防范市场风险，促进银行间债券市场健康发展，根据中国人民银行有关规定和《中国银行间市场交易商协会章程》，制定《银行间债券市场债券交易自律规则》。
spdb2097	第七条 法人机构投资者应完善治理结构，明晰前台、中台、后台业务分工，实现交易前台、中台与后台的有效隔离，保证岗位设置符合业务需要与风险管理需要。  中台风险控制人员应切实履行对前台交易的审核职能，发现明显偏离市场公允
spdb2098	第五条  申请加入中国银行间市场交易商协会员的机构应向协会提交下列材料： （一）入会申请书； （二）本单位章程； （三）营业执照副本、执业许可证副本或其他法定资格文件复印件； （四）最近一年度审计报告； （
spdb2099	第七条一名
spdb2100	['yes', '是']
spdb2107	第1号第二届第十次
spdb2108	中国人民银行中国人民银行中国银行间市场交易商协会人民银行
spdb2109	2015年5月11日
spdb2110	['no', '不是']
spdb2117	第十条  中国银行间市场交易商协会会员发生下列情形时，应自发生该情形之日起三十日内向协会提交相关书面变更说明： （一）变更名称、注册地、主要营业场所及联系方式； （二）变更法定代表人和主要负责人； （三）会员合并、分立、破产
spdb2118	['yes', '是']
spdb2119	第十九条  中国银行间市场交易商协会应根据市场评价的结果，对同一类会员进行分级管理。 协会应制定相应的措施，对市场评价结果优秀的会员参与银行间市场各项业务给予支持，对市场评价结果较差的会员参与银行间市场相关业务进行相应的限制。相关措施由协会另行制定。
spdb2120	为加强信用评级行业自律管理，推动评级机构有效开展调查访谈工作，提升信用评级工作质量和水平,制定《非金融企业债务融资工具信用评级业务调查访谈工作规程》。
spdb2127	响应国家“互联网+”计划，“华夏云缴费”着力解决“缴费方缴费难、收费方人工对账难”的问题，推出不受时间、地域限制，支持全天在线缴费的“华夏云缴费”产品，通过华夏银行与第三方信息服务公司合作的互联网云
spdb2128	华夏云缴费”目前已可支持20家银行跨行缴费，服务教育机构学杂费收缴、水电气热等公共事业缴费，市场管理方收租以及保障房租金、物业费、供暖费收取等领域。
spdb2129	['yes', '是']
spdb2130	['yes', '是']
spdb2137	73亿元36.03亿元
spdb2138	73亿元36.03亿元
spdb2139	17.39亿元
spdb2140	向总行追加绿色金融业务专项规模申请17.39亿元，占兴业银行全国系统申请该专项规模总金额的五分之一。
spdb2147	13.28亿元
spdb2148	['yes', '是']
spdb2149	0.37%0.54%0.52%0.21%0.02%0.02%
spdb2150	王女士
spdb2157	154个1202个
spdb2158	['yes', '是']
spdb2159	10条
spdb2160	为促进银信类业务健康发展，防范金融风险，近日，中国银监会发布《关于规范银信类业务的通知》（以下简称《通知》），对银信类业务进行规范。
spdb2167	中国人民银行 中国银行业监督管理委员会关于进一步完善差别化住房信贷政策有关问题的通知。为进一步改进住房金融服务，支持合理住房消费，经国务院同意，现就个人住房贷款政策有关事项通知如下：一、在不实施“限购”措施的城市，对居民家庭首次购买普通住房的商业性个人住房贷款，最低
spdb2168	为进一步改进住房金融服务
spdb2169	['yes', '是']
spdb2170	吴忠银监分局要求各机构坚持扶贫导向，立足市场需要，围绕富民惠农目标，创新扶贫模式，开展“一县一品一模式”。
spdb2177	1293户3123万元
spdb2178	重庆银监局
spdb2179	重庆银监局印发《关于积极做好中国（重庆）自由贸易试验区银行业金融服务的指导意见》，指导机构围绕国家和地方重大战略部署，精准对接自贸试验区发展需求，围绕自贸试验区“监管高效便捷、金融服务完善”的发展目标，从推进监管事项改革、完善监管工作机制
spdb2180	《关于积极做好中国（重庆）自由贸易试验区银行业金融服务的指导意见》包括：推进市场准入管理改革，探索创新业务监管改革，丰富银行业市场主体，推进金融服务方式和服务新业态创新，提升自贸试验区跨境投融资便利化水平，防范金融风险，成立自贸试验区创新业务风险评估委员会，建立
spdb2187	截止2011年5月末
spdb2188	['yes', '是']
spdb2189	银监局农兴村工程金融服务点金融服务触角村组社区
spdb2190	四川银监局提出了鼓励和支持银行业金融机构开展小微企业金融服务的措施，明确了各类银行业金融机构小微企业不良贷款率容忍度上限，支持和鼓励银行业批量化设置小微企业金融服务分支机构、发行小微企业贷款专项金融债等。
spdb2197	2013年10月22日
spdb2198	祁绍斌纪委书记在讲话中指出
spdb2199	祁绍斌提出各银行业金融机构要以《规定》实施为契机，主动提供相关信息，加强与人民法院沟通协作，合力营造诚实守信的良好社会信用环境，为推动山西转型跨越发展做出应有的贡献。
spdb2200	['yes', '是']
spdb2207	['yes', '是']
spdb2208	文振新
spdb2209	工商银行前海分行近日在前海特区馆发布了离岸人民币资金价格指数。
spdb2210	['yes', '是']
spdb2217	截至2011年末
spdb2218	为破解小微企业融资难题，近年来，银监会从完善体制机制、放宽市场准入、创新产品服务、优化信贷流程、实行差异监管、完善银行体系等方面出台了一系列支持性的监管政策，持续深入地推进小微企业金融服务。
spdb2219	['yes', '是']
spdb2220	。
spdb2227	['yes', '是']
spdb2228	3797家56.4万名41.5亿元
spdb2229	267名425万元两节
spdb2230	山东辖区银行业加强银企合作，通过批量办卡等方式直接代发农民工工资，减少工资支付“债务链”。
spdb2237	第十条  拟设外商独资银行、中外合资银行的股东
spdb2238	['yes', '是']
spdb2239	邮储银行河南省分行坚持商业可持续原则，充分发挥网络优势、资金优势和专业优势，为精准扶贫提供了强有力的金融支持。
spdb2240	['yes', '是']
spdb2247	河南省村镇银行在信贷投放上坚持“小额、分散”，杜绝“垒大户”的原则
spdb2248	截止2015年底，河南省村镇银行户均贷款52.61万元，较年初下降了6.82%，有半数村镇银行户均贷款较年初呈下降趋势。
spdb2249	['yes', '是']
spdb2250	2015年5月
spdb2257	2015年7月
spdb2258	构建诚信体系，既是维护市场管理秩序的基石，也是维护银行业稳健运行的前提。
spdb2259	榆林银监分局为进一步强化授信管理，规范客户资信状况调查与风险评估操作，主动向政府有关部门及社会中介查证客户信用信息资料，及时了解和掌握可能影响客户资信状况的重大事项，适时调整授信政策、策略，确保银行信贷资金安全。
spdb2260	['yes', '是']
spdb2267	['yes', '是']
spdb2268	联合省国税局、地税局下发《关于进一步推进“银税互动”工作的通知》，召开省级银行业机构银税互动推进会，推动“银税互动”出实效。
spdb2269	第6次
spdb2270	第六条 设立企业集团财务公司（以下简称财务公司）法人机构应当具备以下条件： （一）确属集中管理企业集团资金的需要，经合理预测能够达到一定的业务规模； （二）有符合《中华人民共和国公司法》和银监会规定的公司章程； （三）有符合规定条件的出资人；
spdb2277	2061.44亿元
spdb2278	招商银行研究制定了《推进实施绿色信贷的规划》、《关于开展绿色金融业务营销的指导意见》及《绿色金融产品营销指引》等一系列文件，并配发了19个新兴行业和8个绿色行业信贷政策，鼓励增加绿色信贷投放。
spdb2279	深圳发展银行印发《深圳发展银行绿色信贷指引》，并在总行层面设立了绿色信贷委员会，负责对全行绿色信贷业务及其环境和社会风险实施监督管理，同时建立绿色信贷考核评价体系和奖惩机制，确保绿色信贷理念深入每位员工。
spdb2280	招商银行开发了排污权抵押贷款、节能收益抵押贷款、绿色设备买方信贷、绿色融资租赁、清洁发展机制（CDM）融资综合解决方案等新产品
spdb2287	三是加强员工教育培训。
spdb2288	上海银行组织全辖开展了形式多样的防范非法集资宣传教育工作。
spdb2289	28个538.69亿元8个126.66亿元1个2.85亿元5个18.81亿元
spdb2290	国家开发银行宁波市分行强化规划对接，创新信贷方式，丰富融资工具，不断加大对综合立体交通建设的支持力度。
spdb2297	['yes', '是']
spdb2298	钦州市通过保函、信用证及金融衍生品等表外业务支持平台企业开展进出口和跨境经营业务，搭建金融交易平台，扶持保税港区电子商务和海外商品直销。
spdb2299	钦州市目前平台进出口贸易额已占全市的91%，带动钦州市进出口总额跃居至全广西第四位。
spdb2300	钦州市目前平台进出口贸易额已占全市的91%，带动钦州市进出口总额跃居至全广西第四位。
spdb2307	银监会银监会
spdb2308	['yes', '是']
spdb2309	2016年末
spdb2310	['yes', '是']
spdb2317	青岛农商银行蓝海同业合作联盟
spdb2318	首家22家63家
spdb2319	2016年青岛农商银行全年销售理财产品总额520亿元，同比增长75%；理财产品余额260亿元，较年初增长60%
spdb2320	['yes', '是']
spdb2327	二是重点项目。
spdb2328	['yes', '是']
spdb2329	自“惠农通”工程开展以来
spdb2330	为更好地服务“三农”，农行北票支行还抽调专人、配备专车，组成了“三农服务组”，专门从事三农服务工作。
spdb2337	银行业经济发展会议机构企业贷款协议银行业企业额
spdb2338	2013年9月底，在中宁县召开的宁夏首次银行业支持民营经济发展座谈会议促成各机构与民营企业签订贷款协议41.64亿元，其中银行业与中宁县民营企业签约额达到22.39亿元。
spdb2339	中卫银监分局
spdb2340	中宁县银行业金融机构积极向民营企业“输血”放贷，已向11家民营企业发放贷款13.42亿元，占贷款协议总额的32%，有效缓解了民营企业发展中的融资难题。
spdb2347	1615户5.46亿元
spdb2348	如国开行河南省分行发挥支持基础设施建设方面的优势
spdb2349	['yes', '是']
spdb2350	一、打造“双轮驱动”的专业化科技金融组织体系 经历两年摸索，嘉兴银行业初步找到了专业化、扁平化的科技金融专营机构组织模式，专营机构累计对科技型企业授信户数超400户，累计放贷69亿元，目前贷款余额381户、25.1亿元。
spdb2357	石河子农村合作银行帮助下岗失业人员再就业的具体做法  （一）完善政策措施，降低贷款门槛。
spdb2358	石河子农村合作银行帮助下岗失业人员再就业取得的成效 二、主要成效（一）转变了下岗职工就业观念，拓宽了就业渠道。
spdb2359	['yes', '是']
spdb2360	西藏银监局拉萨市人民政府
spdb2367	10.58%
spdb2368	12.88%12.84%11.15%
spdb2369	12.88%12.84%11.15%
spdb2370	12.88%12.84%11.15%
spdb2377	同时，针对信息诈骗的作案手法，探索建立了警银工作联动机制、快速查询冻结机制、被骗资金原路返还机制等一大批全国首创的新做法和新模式。
spdb2378	5324个1.68亿元
spdb2379	23个
spdb2380	在龙州等边境县市发放边贸扶贫小额贷款、试点边民小额信用贷款，支持贫困户加入边民边贸合作社发家致富
spdb2387	建设银行分行科技金融创新中心科技企业价值评估体系行业技术流概念标准
spdb2388	建设银行广东省分行依托2016年在广东挂牌成立的首家总行级科技金融创新中心，积极探索创新小微科技企业价值评估体系，在行业内首创引入“技术流”概念和标准，将科技企业技术创新能力作为重要核心指标
spdb2389	建设银行广东省分行将“技术流”与“资金流”相互结合，致力于创建更加客观合理的科技创新企业专属评价体系，有效降低小微科技企业贷款准入门槛。
spdb2390	['yes', '是']
spdb2397	《通知》提出了经济新常态下加强和改进金融服务工作的五大举措： 一是大力发展银团贷款业务，扩大有效信贷投入。
spdb2398	['yes', '是']
spdb2399	2016年9月28日
spdb2400	金融
spdb2407	作为恒丰银行成立后的首家一级分行，恒丰银行青岛分行成立以来始终秉承“恒久发展、丰裕社会”的核心理念，在实现银行发展的同时，牢记作为金融业一员所肩负的社会责任，积极参与区域城乡建设，以岛城经济发展为导向，充分调动现有资源，用实际行动支持
spdb2408	恒丰银行青岛分行十分重视本行的信贷资源优化配置，对莱西市的重大项目、小微企业和“三农”项目一直给予高度关注，用实际行动切实支持了莱西实体经济的发展，对青岛瀚生生物等注重科技创新的农业企业提供帮助，不仅将为企业和银行带来直接的经济效益，更
spdb2409	恒丰银行青岛分行将莱西市视为区域统筹战略的重点，关于其近年来的经济发展动向，并对莱西市的发展前景充满信心。经过多方调研，于年初确定了开设莱西支行的计划。现阶段新支行的选址工作已经完成，预计将于年底开业。开设新支行的战略规划将对
spdb2410	['yes', '是']
spdb2417	['yes', '是']
spdb2418	国开行将向该项目提供中方总投资额80%的中长期贷款，预计贷款总额将达81.6亿英镑，支持范围涵盖项目投资、建设等多个领域。
spdb2419	2015年2015年9月9日起
spdb2420	['yes', '是']
spdb2427	根据《中华人民共和国银行业监督管理法》、《中华人民共和国商业银行法》等法律法规和《商业银行流动性风险管理办法（试行）》、《商业银行信息披露办法》，制定商业银行流动性覆盖率信息披露办法。
spdb2428	第一条 为强化市场约束，提高商业银行流动性风险管理水平，根据《中华人民共和国银行业监督管理法》、《中华人民共和国商业银行法》等法律法规和《商业银行流动性风险管理办法（试行）》、《商业银行信息披露办法》，制定商业银行流动性覆盖率信息披露办法。
spdb2429	15个
spdb2430	['yes', '是']
spdb2437	['yes', '是']
spdb2438	['yes', '是']
spdb2439	青岛银行业多措并举优化特殊消费者群体金融服务。
spdb2440	青岛银行业多措并举优化特殊消费者群体金融服务（二）建立配套公共设施，改善网点服务环境。针对老弱病残孕等特殊消费者群体的需求，采取多种方式，改善网点服务环境，提供优质服务。一是设立专门通道。结合网点周边环境、硬件设施等情况，加强网点无障碍通道
spdb2447	140.61亿元280户94.83亿元
spdb2448	在银行业贷款拉动支持下， 2013年阜新产业集群新开工项目168个，实现销售收入845亿元，增长35%，实现税金16.6亿元，有效支持了地方经济发展。
spdb2449	阜新银行业通过优化资源配置，科学分配信贷资源；改善金融服务，不断提高服务水平；积极创新金融产品，转变经营模式，大力支持地区产业集群发展，取得了一定的成效。
spdb2450	331.14亿元
spdb2457	455户709笔7160.3万元502笔4854.3万元207笔2306万元
spdb2458	烟台银监分局推出的“三平台”：一是搭建“银税合作平台”，由税务部门根据小微企业纳税情况，向平台内银行机构推荐优质企业，有效解决了小微企业财务情况不真实的问题。
spdb2459	二是搭建“中小企业融资联盟平台”，联盟成员不仅可以优先获得金融机构的信贷支持，还可以优先享受风险补偿、税费减免、资金扶持等优惠政策。
spdb2460	924家160多亿元
spdb2467	['yes', '是']
spdb2468	昆仑银行落实新疆银监局提出的“返疆计划”，将异地灾备中心从吉林回迁至注册地新疆克拉玛依市并正式启用。一方面，有利于降低运营成本。另一方面，便于加强属地信息科技监管工作，节约监管资源，促进昆仑银行进一步提升业务连续性管理水平。
spdb2469	['yes', '是']
spdb2470	['yes', '是']
spdb2477	沧州银监分局推动渤海新区产业发展：积极拓展海域、海岛使用权证抵押贷款业务，试点开办码头、船坞、船台等沿海资产抵押贷款业务，发展适合沿海物流企业融资、结算特点的物流保理和联网结算等业务，鼓励成长型海洋高新技术企业以知识产权质押融资。
spdb2478	['yes', '是']
spdb2479	9月1日2016年
spdb2480	9月1日一个月
spdb2487	上海银监局局长韩沂在动员大会上鼓励上海银行业积极对接科创中心建设“四梁八柱”的任务，加大金融创新力度，在经营模式上实现四个转变：一是从“房变钱”转为“纸变钱”，提高知识产权的融资能力，盘活科研成果
spdb2488	其中，经营理念的“四可原则”包括：“商业可持续、政策可托底、风险可控制、激励可相容”。
spdb2489	['yes', '是']
spdb2490	卡一是围绕燕郊、香河、三河等环北京周边地区，针对外出务工人员、外来打工人员和跨区域经营单位个人客户金融需求，开发了“燕赵乡情卡”
spdb2497	建设银行分行传统名单
spdb2498	建设银行广东省分行一是首创“定义制”替代传统“名单制”， 取得了以下成果：以企业拥有的知识产权数量定义可试点的科技企业范围，无须等待政府推出白名单，效率大幅度提高。
spdb2499	['yes', '是']
spdb2500	建设银行广东省分行三是首创并应用“技术流+能力流”评价体系，具体内容是将科技企业的专利数量、专利结构、专利技术含量、实验室建设水平、产学研合作情况等科技企业创新核心要素纳入评价范围，改变了仅依靠“资金流”判断小微科技企业实力
spdb2507	江苏银行上海分行采取措施支持制造业的发展。
spdb2508	江苏银行上海分行采取措施支持制造业的发展。
spdb2509	10个1家
spdb2510	广西银监局推动辖内各大型银行落实监管要求，全面设立普惠金融事业部，基本建成“五专”机制，对辖区普惠金融服务的稳健发展做了以下措施：将普惠金融服务机构和机制进一步向二级分行以及县城、乡镇等末梢延伸，同时，部分地方法人银行也积极响应
spdb2517	河北银监局近2年连续3次组织规范收费、企业减负等专项检查活动
spdb2518	20家277项180项
spdb2519	20家277项180项
spdb2520	['yes', '是']
spdb2527	['yes', '是']
spdb2528	2016年3月11日
spdb2529	中国农业发展银行
spdb2530	为充分发挥农业政策性银行职能作用，新疆银监局积极督促、引导、协调中国农业发展银行新疆分行主动与其总行对接，争取差异化的扶持政策。
spdb2537	三是狠抓银行业中信访投诉工作的三项关键指标，即二次投诉比例指标 、信访投诉办理效果质量指标、信访投诉程序办理指标。
spdb2538	['yes', '是']
spdb2539	1949年
spdb2540	65家
spdb2547	山东银监局银监会省委省政府
spdb2548	截至2017年9月末，辖区银行机构累计投放扶贫信贷总额703亿元，较年初增长40.32%。
spdb2549	['yes', '是']
spdb2550	762.40亿元47.31亿元
spdb2557	['yes', '是']
spdb2558	['yes', '是']
spdb2559	243.4亿元
spdb2560	针对农合机构资本充足率低、历史包袱沉重、管理制度落后等问题，河北银监局提出建立“四项”机制。
spdb2567	中国农业银行石柱支行着力推动精准扶贫工作。具体措施如下。一是创新帮扶模式。及时解决贫困户安居就业、大黄水旅游建设、贫困村优势种养殖业的资金需求，同时与贫困村相邻的农业企业、专业合作社、种养殖业大户等签订银企合作协议。截至10月末，该行向与其
spdb2568	5个4500万元220户5044万元1户30万元7户30万元
spdb2569	['yes', '是']
spdb2570	成功促成石柱县与农行重庆市分行签署共同推进城乡经济建设发展全面战略合作协议，将在“十三五”时期为石柱县提供200亿元意向性信用额度，重点支持该县基础设施及精准扶贫等工作。
spdb2577	西藏银行业创新推动效率提升和成本降低，各银行业机构减少收费项目49项，切实降低融资成本，金融服务让利于民生的成效更加凸显。
spdb2578	['yes', '是']
spdb2579	塔城银监分局引领辖区各类机构，打赢脱贫攻坚战。
spdb2580	['yes', '是']
spdb2587	具体首付款比例和利率水平由银行业金融机构根据借款人的信用状况和还款能力等合理确定。
spdb2588	首套
spdb2589	1套
spdb2590	人民银行、银监会各级派出机构要按照“因地施策，分类指导”的原则，做好与地方政府的沟通工作，加强对银行业金融机构执行差别化住房信贷政策情况的监督
spdb2597	 为了履行金融账户涉税信息自动交换国际义务，规范金融机构对非居民金融账户涉税信息尽职调查行为，国家税务总局、财政部、中国人民银行、中国银行业监督管理委员会、中国证券监督管理委员会、中国保险监督管理委员会制定了《非居民金融账户涉税信息尽职调查管理办法》
spdb2598	100个
spdb2599	['no', '不是']
spdb2600	2018年9月
spdb2607	四川银监局紧急开通的抗震救灾银行服务热线的服务内容是：灾区银行业客户在存折、存单、银行卡遗失、毁损而办理相关查询、本（异）地挂失、账户费用、存取款以及存款继承等业务。
spdb2608	['yes', '是']
spdb2609	12月7日至8日
spdb2610	12月7日至8日，第四届中日韩三方高层副手会暨第六届中日韩三方银行监管研讨会在海南三亚成功举办。
spdb2617	3.05万亿元3.01万亿元
spdb2618	银监局辖区商业银行牌经营功能风险成本时组建模式社区支行
spdb2619	8492.28亿元1163.31亿元多增121.47亿元
spdb2620	110件
spdb2627	1000
spdb2628	11个
spdb2629	为了推进京津冀环境治理和生态环境建设，促进我省产业结构调整和转型升级，建立长效、有效的节能减排机制，日前河北银行与省环保厅签署战略合作协议，并与11个设区市环保局及辛集、定州市环保局签订了排污权担保融资业务合作协议。
spdb2630	['yes', '是']
spdb2637	12家
spdb2638	11个
spdb2639	11个875笔56.5亿元
spdb2640	['yes', '是']
spdb2647	2017年7月1日起
spdb2648	消极非金融机构是指符合下列条件之一的机构
spdb2649	证明材料是指：     （一）由政府出具的税收居民身份证明；     （二）由政府出具的含有个人姓名且通常用于身份识别的有效身份证明，或者由政府出具的含有机构名称以及主要
spdb2650	['yes', '是']
spdb2657	为依法推进行政审批制度改革，持续推进简政放权，增强商业银行风险抵御能力，决定对《中国银监会中资商业银行行政许可事项实施办法》（中国银行业监督管理委员会令2015年第2号）进行如下修改：   一、在第十条第三款后增加一款规定：“外商独资银行、中外合资银行
spdb2658	540余个3.47亿元
spdb2659	1996年起
spdb2660	“授人以鱼，不如授人以渔。”市经合局相关负责人说，智力帮扶从主观上防止了当地贫困户再次返贫的可能。具体措施如下：“十二五”期间，宁波已派出30名处级干部到贵州挂职，担任重要岗位。通过共建培训中心，对当地农民进行
spdb2667	['yes', '是']
spdb2668	建设银行上海市分行搭建、完善小微企业贷后远程机控系统，着力提升贷后管理效率。
spdb2669	天津银行上海分行开展以“加强账户管理，完善‘三反’监管”为主题的反洗钱宣传月活动
spdb2670	天津银行上海分行开展以“加强账户管理，完善‘三反’监管”为主题的反洗钱宣传月活动，进一步宣传普及反洗钱知识，提升员工与社会公众的反洗钱意识。
spdb2677	自2013年4月推行助保贷以来，已累计发放助保贷金额超3.2亿元，惠及企业近90户。
spdb2678	。具体措施为：针对需求较旺盛的乡镇实施集中统一授信、合作按揭，同时积极建设“助农取款”合作商户及手机支付服务点等便民措施，满足农村地区金融服务需求。
spdb2679	['yes', '是']
spdb2680	全面落实金融服务实体经济任务要求，加快推进中关村示范区科技金融服务创新，进一步促进科技金融“六项创新”细化实施，近日，北京局联合人行营管部、中关村管委会印发《关于进一步推动中关村国家自主创新示范区科技金融专营组织机构创新发展的意见》。
spdb2687	12日
spdb2688	['yes', '是']
spdb2689	打造“三类服务平台”，夯实智慧农业信息互联基础。
spdb2690	72户2.66亿元
spdb2697	平安银行福州分行农行省分行建行省分行
spdb2698	['yes', '是']
spdb2699	余家9.41亿元
spdb2700	35.61亿元
spdb2707	小微民生宣传主题小微宣传主题活动方案营业网点展台电子屏视频形式
spdb2708	多种
spdb2709	中国银监会
spdb2710	为引导银行业金融机构加强数据治理，提高数据质量，发挥数据价值，提升经营管理能力，中国银监会起草了《银行业金融机构数据治理指引（征求意见稿）》，现向社会公开征求意见。
spdb2717	广西银监局争取总行支持，解决“缺模式”不足。
spdb2718	1997年5月13日
spdb2719	1997年5月13日，西安银行（原名西安城市合作银行）成立了。
spdb2720	与此同时，西安银行开始全力加快经营转型与增长方式的转变，董事长郭军创造性提出了“五个坚持”：坚持把“战略重组”作为重塑法人形象的立足之本；坚持把“经营转型”作为推动竞争发展的动力源泉；坚持把“风险管理”作为
spdb2727	['yes', '是']
spdb2728	1098.13亿元三成
spdb2729	截至2010年底，福建银行业涉农贷款取得的成绩是：新增1098.13亿元，增长幅度超过三成。
spdb2730	统计数据显示，截至2010年底，福建省银行业金融机构取得的成绩是：涉农贷款余额4559.29亿元，比年初增加1098.13亿元，同比多增221.04亿元；涉农贷款增速31.73%，较各项贷款增速高出5.34个百分点；涉农贷款占比29.67%，较年初提高了1.21个百分点。
spdb2737	云南银监局省金融办财政厅工信委省政府
spdb2738	云南银监局携手工信委人行昆明中心支行
spdb2739	1180户67.47亿元
spdb2740	59号94号六项
spdb2747	广西银监局加强合作与宣传，在纳税大厅增设小微金融服务政策宣传内容，合力助力小微企业发展。
spdb2748	['yes', '是']
spdb2749	三、银行业金融机构法律顾问享有下列权利
spdb2750	['yes', '是']
spdb2757	以深入贯彻中央经济工作会议精神，落实2017年银行业监管工作会议和银行业普惠金融工作会议部署，强化监管引领为目的，广西银监局多管齐下提升小微企业金融服务质效。
spdb2758	2016年7月
spdb2759	['yes', '是']
spdb2760	一是加强顶层设计，树立服务至上发展理念：引导银行牢固树立服务立行发展理念，坚持以客户为中心，提高服务质量，为首都经济发展提供强有力的金融支持。引导银行业通过差异化发展，逐步形成层次多样、功能互补、协同发展的首都金融服务体系。
spdb2767	['yes', '是']
spdb2768	2017年，工、农、中、建、交分别与京东、百度、腾讯、阿里、苏宁达成了战略合作，在大数据风控、用户画像、人工智能等领域展开了合作。
spdb2769	在看到进步和成绩的同时，我们也要清醒地看到问题和挑战。主要问题表现在：金融业发展还不够平衡、协调和充分，还不能完全满足人民群众对高质量金融服务的需求，金融服务实体经济的能力和水平还有待提升，金融风险还不容忽视，银行业金融机构的公司治理水平还需要加强，银行业金融机构海内外合规经营也面临新的问题和挑战，金融新技术发展给银行业转型创新带来压力等。
spdb2770	['yes', '是']
spdb2777	1567家1018家67411个
spdb2778	1567家1018家67411个
spdb2779	1.3万亿元3.6万亿元92.138万元
spdb2780	工行山西省分行
spdb2787	2016年
spdb2788	为推动乡镇网点真正沉下心扎根当地、服务“三农”，与村镇客户建立密切的业务联系与感情维系，开拓乡镇“蓝海”市场。2016年，信阳珠江村镇银行启动乡镇二级支行总行直管试点，光山孙铁铺支行等四家乡镇网点纳入首批试点支行。
spdb2789	直管试点的具体内容是：一是费用单列，独立考核。
spdb2790	['yes', '是']
spdb2797	预计未来五年内2号线、3号线、4号线开通后，南宁将加速形成立体化综合交通体系建设，全面提升南宁经济社会发展水平，对南宁构建中国东盟自贸区区域性综合枢纽城市，加快推进我区“一带一路”建设具有重要意义。
spdb2798	广西银行业以支持首府南宁市轨道交通1号线建设为开端，累计为南宁轨道交通项目提供融资超200亿元。
spdb2799	2011年11月10日
spdb2800	活动银监局指导银行业自律组织银行业协会
spdb2807	五家
spdb2808	截至2017年9月末，五家大型银行均已在分行层面成立普惠金融专营业务部门。
spdb2809	['yes', '是']
spdb2810	近年来，厦门银监局围绕“降、改、创”三方面，扎实推进辖内小微企业的金融服务工作，不断提升小微金融服务工作水平。
spdb2817	平安、招商、浦发等3家银行总行已同意授权自贸区分行开办离岸银行业务。
spdb2818	2014年4月
spdb2819	['yes', '是']
spdb2820	银行监管委员会计量风险监管框架全球范围风险监管标准
spdb2827	二、强化服务效率，引导推行差别化信贷政策。推动银行机构设计差别化的金融服务方案，优化信贷流程，保证重点项目审批效率，为对接服务创造了良好的运行机制。
spdb2828	['yes', '是']
spdb2829	5个3个2个95523户157956户110372户
spdb2830	6741万元1300名
spdb2837	该模式以农村承包土地经营权作为抵押物，向农业生产经营大户提供最长可达10年的信贷支持，贷款资金可用于支付承包土地租金或用于农业生产经营、消费，并采用等额本金、等额本息等灵活的按揭还款方式。
spdb2838	县域经济发展实际基础全县人口生产生活现状人口全县金融支农工作扶贫夯基工作方针
spdb2839	围绕县域扶贫攻坚目标，实施金融精准扶贫工程重点战略。
spdb2840	麟游联社对产业发展前景较好的贫困户信贷需求，在有效防范贷款风险的同时，简化贷款程序、减少贷款环节、优惠贷款利率。
spdb2847	工行西藏分行、建行西藏分行、邮储银行西藏分行、民生银行拉萨分行、中信银行拉萨分行、浦发银行拉萨分行、西藏信托公司等机构全网点实现“一区双录”；农行西藏分行因“春天行动”营销活动，为避免影响机构中间业务收入，完成
spdb2848	从对各银行业金融机构“一区双录”工作检查情况看，中行西藏分行、中信银行拉萨分行、浦发银行拉萨分行、民生银行拉萨分行等银行业金融机构严格落实监管要求，“一区双录”工作值得辖内其他银行业金融机构学习借鉴。
spdb2849	['yes', '是']
spdb2850	山西农业银行阳泉分行山西农业银行阳泉分行阳泉市委市政府
spdb2857	['yes', '是']
spdb2858	尚福林
spdb2859	尚福林要求，银监会系统要进一步加强后备干部队伍建设，全面提高优秀中青年干部的理论水平和履职能力，着力加强“六个方面能力”建设。
spdb2860	['yes', '是']
spdb2867	['yes', '是']
spdb2868	['yes', '是']
spdb2869	1400
spdb2870	4月18日
spdb2877	王俊寿局长参加在新疆银监局举行的哈比银行乌鲁木齐分行筹建启动仪式，会见了哈比银行董事长
spdb2878	2016年8月5日上午
spdb2879	西咸新区管委会、西咸新区五新城及两园办、西咸新区经济发展局、财政局负责人，辖内银行业机构分管负责人及相关部门负责人共150多人参加会议。
spdb2880	最后，刘丽岩副局长进行会议总结：从进一步加强信息沟通交流、充分发挥不同机构特色优势、始终坚持依法合规经营、不断推送完善相关工作机制等四个方面
spdb2887	国开发展基金发行的五大类包括易地扶贫搬迁等三农建设、轨道交通等城市基础设施建设、中西部铁路等重大基础设施、民生改善等建设工程、增强制造业核心竞争力等转型升级项目。
spdb2888	['yes', '是']
spdb2889	22个
spdb2890	分行党建金融服务党支部志愿服务队党支部战斗堡垒党员先锋模范作用全体党员员工
spdb2897	“政府+银行+新型农业经营主体”的扶贫产业贷款，主要对象以吸纳贫困户就业、有扶贫带动效应的新型农业经营主体为主。
spdb2898	在推进银行业自身深化改革方面：一是丰富了银行业金融机构的资本补充渠道。
spdb2899	在提升金融服务实体经济质效方面：一是促进加大银行业支持小微、三农等薄弱领域的内生动力。
spdb2900	截至2016年12月末，辖内村镇银行向小微企业贷款余额156.64亿元，同比增长12.41%，占其全部贷款余额的83.73%；涉农贷款余额总计107.78亿元，占其全部贷款余额的58.20%。
spdb2907	通过设置无障碍通道、配备轮椅、盲文业务指南、助盲识币签名卡、助盲取款机、爱心坐椅，提供手语交流、快速窗口办理业务、上门服务等形式，加大了对特殊客户人性化服务力度，满足了特殊人群的服务需求，得到社会各界好评。
spdb2908	905个
spdb2909	['yes', '是']
spdb2910	广西银行业发放首笔并购贷款支持水利电力企业兼并重组。
spdb2917	尚福林
spdb2918	中国银监会自成立以来，始终致力于完善科学审慎的银行监管体系，推进我国银行业改革，引导其成功抵御了金融危机的冲击，并保持了健康稳健的发展势头，对维护国家金融安全做出了突出贡献。
spdb2919	['yes', '是']
spdb2920	跨国金融监管联席会议是二十国集团共识下的重要制度安排，对促进各国金融监管机构合作，完善跨国银行集团监管具有重要意义。
spdb2927	2013年12月17日—20日，晋中银行铁西支行与总行银行卡部在晋中师范高等专科学校联合开展了“晋中银行九州方圆卡进校园”品牌推广宣传活动。
spdb2928	为进一步提高晋中银行九州方圆卡的市场覆盖率，2013年12月17日—20日，晋中银行铁西支行与总行银行卡部在晋中师范高等专科学校联合开展了“晋中银行九州方圆卡进校园”品牌推广宣传活动。
spdb2929	['yes', '是']
spdb2930	为进一步提高晋中银行九州方圆卡的市场覆盖率，2013年12月17日—20日，晋中银行铁西支行与总行银行卡部在晋中师范高等专科学校联合开展了“晋中银行九州方圆卡进校园”品牌推广宣传活动。
spdb2937	小微企业贷款户数97868户，较上年同期增加13304户，小微企业申贷获得率93.74%，高于上年同期水平2.23个百分点。
spdb2938	发源地战略地位银监局水塔金融构想
spdb2939	2028.11亿元402.36亿元13.18个
spdb2940	20余种
spdb2947	《办法》包括总则、市场定位、公司治理、风险管理、内部控制、资本管理、激励约束、监督管理、附则等九个章节，共七十一条。
spdb2948	九个七十一条
spdb2949	['yes', '是']
spdb2950	1.5亿元5000亩3.8亿元3000平方米
spdb2957	督促银行业机构实行一把手负责制，构建了“有人管、专人管”的打非工作领导机制。
spdb2958	2017年12月8日12月22日
spdb2959	2017年12月8日12月22日
spdb2960	13家
spdb2967	会上，河南银监局进一步提出工作要求：一是抓研究。
spdb2968	会上，河南银监局进一步提出工作要求：一是抓研究。
spdb2969	会上，河南银监局进一步提出工作要求：一是抓研究。具体内容是：各机构既要关注宏观层面的政策导向，吃透国家关于房地产市场调控的有关精神；同时也要注重调研农民购房所面临的实际问题，特别是土地流转与农村制度改革等问题。
spdb2970	11月28日
spdb2977	国务院电信网络银监会公安部
spdb2978	三个
spdb2979	比例公安机关公告公告期公告被害人利害关系人异议公安机关审核
spdb2980	['yes', '是']
spdb2987	发布《关于规范银行业服务企业走出去 加强风险防控的指导意见》（以下简称《指导意见》）的背景是：近年来，在党中央国务院的正确领导下，走出去战略持续实施，“一带一路”倡议得到广泛响应，互利共赢意识深入人心，国际产能合作稳步
spdb2988	['no', '不是']
spdb2989	《指导意见》要求，银行业金融机构开展跨境并购贷款业务，应综合考虑并购方的资信状况、经营管理能力、财务稳健性、自筹资本金充足情况，并购标的的市场前景、未来盈利、国别风险、并购协同效应等因素。
spdb2990	['yes', '是']
spdb2997	2011年11月22日至23日，大陆方面银行业监督管理机构和台湾方面金融监督管理机构在北京举行磋商。
spdb2998	2011年11月22日至23日
spdb2999	2011年11月22日至23日，大陆方面银行业监督管理机构和台湾方面金融监督管理机构在北京举行磋商，这是两岸银行业监管机构在监管合作机制下举行的第二次磋商，标志着两岸银行业监管合作又向前迈出重要一步，为两岸银行业的审慎经营和银行体系的
spdb3000	今年4月
spdb3007	工行河南省分行突出行业结构调整：重点向消费、服务业、文化产业、现代物流、民生领域倾斜，加大支持住宿餐饮、商务服务、物流、城市基础服务等弱周期行业客户群，年底力争制造、批发零售业贷款占比下降10个百分点以上。
spdb3008	工行河南省分行突出产品结构调整：加大网贷通、银政通、票据直贴等重点产品的渗透率，逐步压降对非供应链贸易融资等管理能力要求偏高和操作风险相对较大的产品。
spdb3009	工行河南省分行突出客户结构调整：重点拓展单户融资规模在500万元以下（含）的小微客户，余额占比提升到22%以上。
spdb3010	122家101.76万笔
spdb3017	中国银行汕头分行
spdb3018	《商业银行押品管理指引》（以下简称《指引》）。
spdb3019	《指引》共7章48条，强调商业银行应遵循合法性、有效性、审慎性、从属性原则，完善押品管理的组织架构，加强押品分类、押品估值、抵质押率设定等重点环节的风险管理，规范押品调查评估、抵质押设立、存续期管理、押品
spdb3020	['yes', '是']
spdb3027	。
spdb3028	450亿元
spdb3029	辖内相关政邮银行落实中央关于北京城市副中心建设部署，在医疗、文化、养老等方面与通州区开展全面合作。
spdb3030	2015年12月
spdb3037	74家6家
spdb3038	。
spdb3039	深圳银监局建议：消费者树立法制意识和风险防范意识，自觉抵制不当利益的诱惑，远离非法金融业务活动，对各类虚假宣传信息保持高度警惕，不要参与有关机构的违法行为，维护自身合法权益。
spdb3040	['yes', '是']
spdb3047	['yes', '是']
spdb3048	北京银监局通过以下措施引导辖内银行业金融机构着力优化信贷结构：一是支持实体经济发展，信息传输、软件和信息技术服务业贷款增加较多；二是向民生领域倾斜，水电热燃的生产和供应等基础设施贷款和个人按揭贷款增加较多；三是支持扩大内需促进消费
spdb3049	8815.63亿元1089.25亿元多增503.22亿元5.44个
spdb3050	广东银监局建立“省局-分局-机构”三级监测架构
spdb3057	1167亿元860个
spdb3058	11月19日上午
spdb3059	中原银行兰考支行支行的设立是开封银监分局引导辖内银行业布局兰考，支持兰考县域经济发展，探索推进普惠金融和金融扶贫新路的重要举措
spdb3060	为确保兰考支行尽早顺利开业，开封分局做了以下工作：一是做好前期调研，确保基础稳固。
spdb3067	交通银行青岛分行采取以下措施助力青岛市“海上丝绸之路”经济带发展：一是重点支持港口发展建设。
spdb3068	['yes', '是']
spdb3069	77亿元
spdb3070	7.8亿元
spdb3077	广西银监局指导辖区农合机构助推“六位一体”扶贫新模式取得了以下成效：截至2017年11月末，全区农合机构通过发放贫困户贷款累计惠及贫困户48.23万户、贫困人口188万人；发放了广西99%以上的扶贫小额贷款，充分发挥了金融扶贫主力军作用。
spdb3078	广西银监局指导辖区农合机构按照党中央、国务院和自治区党委政府精准扶贫决策部署，结合自身优势，积极探索创新 “精准扶贫、产业扶贫、定点扶贫、党建扶贫、电商扶贫、普惠扶贫”六大金融扶贫新模式，全力推进金融扶贫工作。
spdb3079	48.23万户
spdb3080	['yes', '是']
spdb3087	['yes', '是']
spdb3088	['yes', '是']
spdb3089	20年
spdb3090	分行农业政策性银行国家号召履职省行信贷政策扶贫重点环节环节时间任务易地扶贫突破口金融扶贫工作
spdb3097	5天97名
spdb3098	贵州银监局系统和贵州保监局机关97名处级干部参加党的十九大精神培训班。
spdb3099	江北老外滩还获得了今年全国唯一的“中国著名商业街”称号。
spdb3100	['yes', '是']
spdb3107	1000万元500万元200万元
spdb3108	1000万元500万元200万元
spdb3109	['yes', '是']
spdb3110	对于融资需求较大
spdb3117	为推动商业银行提高衍生工具风险估值能力，强化衍生工具风险防范，中国银监会起草了《衍生工具交易对手违约风险资产计量规则（征求意见稿）》
spdb3118	['yes', '是']
spdb3119	对于中国银监会起草的《衍生工具交易对手违约风险资产计量规则（征求意见稿）》
spdb3120	10月24日下午，“银行业支持西藏经济社会发展座谈会”在北京成功召开。
spdb3127	['yes', '是']
spdb3128	金华、绍兴、嘉兴、台州银行业主动承担小微企业的抵质押评估费对待：对小微企业申请贷款提供的抵质押物评估产生的费用，由银行全额承担，目前有两种方式：一种是小微企业到银行合作的评估公司评估，费用由银行结算，且不
spdb3129	金华、绍兴、嘉兴、台州银行业通过加大与收费较低的政策性担保机构合作，减轻小微企业担保费支出。
spdb3130	金华、绍兴、嘉兴、台州银行业合理降低小微企业贷款配套保险费：一是取消小微企业贷款配套保险。二是协商降低小微企业贷款保费费率。
spdb3137	为贯彻落实国务院加大对新消费领域金融支持的指导意见，切实推进厦门市全域旅游发展，厦门银监局积极配合地方政府，指导督促辖内银行业创新金融支持和服务方式，助力旅游业发展。
spdb3138	厦门银监局为助力旅游业发展，做了以下工作：一是签订合作协议，千亿授信助力旅游业发展。二是各家商业银行推出多样创新业务和产品，积极推进旅游业、金融业深度融合。
spdb3139	['yes', '是']
spdb3140	2015年6月2015年10月末
spdb3147	23支
spdb3148	三名一组二组两名八名
spdb3149	实现以下三个不低于：实现小微企业贷款增速不低于各项贷款平均增速，小微企业贷款户数不低于上年同期户数，小微企业申贷获得率不低于上年同期水平。
spdb3150	希望小微企业强化利率风险定价机制、独立核算机制、高效审批机制、激励约束机制、专业人员培训机制和违约信息通报机制等“六项机制”建设，落实小微企业金融服务专营机构单列信贷计划、单独配置人力资源和财务资源、单独客户认定与信贷评审、单独会计核算的
spdb3157	6.5亿元177户1.78亿元
spdb3158	3个
spdb3159	2017年全面脱贫”的实施意见》，提出加建立健全工作机制、做好重点领域精准扶贫金融服务、积极创新精准扶贫金融服务以及扩大金融精准扶贫示范效应等四方面、十二条工作意见
spdb3160	《泉州银监分局关于深化推进金融精准扶贫助力实现“2017年全面脱贫”的实施意见》要求辖内银行业金融机构落实“四单”制度，强化信贷精准投放，切实满足贫困人口小额信贷需求，提升产业发展带动扶贫脱贫能力，提升农村基础金融服务水平
spdb3167	为了引导辖区城商行增强服务实体经济能力，山东银监局采取以下措施：一是下沉服务网点，优化机构布局。二是鼓励创新业务产品。三是积极拓宽服务空间。
spdb3168	34家11家31家3家
spdb3169	34家11家31家3家
spdb3170	34家11家31家3家
spdb3177	为确保金融扶贫工作有效推进，《行动方案》提出以下保障措施，包括：成立扶贫开发领导小组，编制精准扶贫规划；建立主要涉农银行业机构工作考核机制及金融扶贫联席会议制度；对具备条件、运营稳健的农商行、城商行、股份制银行在扶贫开发重点县设立支行开辟
spdb3178	《推进银行业支持扶贫开发行动方案》的指导思想是：认真贯彻中央扶贫开发工作会议精神、《中共中央国务院关于打赢脱贫攻坚战的决定》和《中国银监会关于银行业金融机构积极投入脱贫攻坚战的指导意见》，落实创新、协调、绿色、开放、共享的发展理念，按照精准扶贫、精准脱贫
spdb3179	《推进银行业支持扶贫开发行动方案》的工作目标是信贷扶贫力度持续加大，金融扶贫基础服务有效改善，金融精准扶贫体系逐步健全。
spdb3180	['yes', '是']
spdb3187	2.22亿元500余户20余万元
spdb3188	2.22亿元500余户
spdb3189	2016年，农发行青岛市分行牢固树立和贯彻创新、协调、绿色、开放、共享发展理念。
spdb3190	2016年，农发行青岛市分行以服务实体经济为导向？
spdb3197	['yes', '是']
spdb3198	邮储银行鞍山市分行为积极规范自身销售行为
spdb3199	强化理财专区建设的方式是配备独立摄像头，针对代销类业务开展双录工作，网点覆盖率达到100%；
spdb3200	['yes', '是']
spdb3207	103个12.73亿元34笔2174万元6户43万元
spdb3208	5000万元
spdb3209	3亿元
spdb3210	385亿元
spdb3217	河北省联社采取以下措施助力小微信贷：一是加强信贷管理，提高小微企业贷款质量。
spdb3218	河北省联社为进一步完善和创新小微企业服务模式，切实解决小微企业融资难、成本高等问题，研究出台具体措施，助力小微信贷。
spdb3219	河北省联社通过创新贷款模式，切实解决小微企业倒贷问题，具体如下：进一步做好小微企业金融服务，按照银监会要求办理续贷，对于流动资金周转贷款到期后仍有融资需求的小微企业，经其主动申请，通过新发放贷款结清已有贷款的形式，小微企业可继续使用贷款资金的业务
spdb3220	服务质量小微企业融资成本企业贷款限规定
spdb3227	['yes', '是']
spdb3228	25.26亿元6.64亿元
spdb3229	['yes', '是']
spdb3230	4家1970万元
spdb3237	['no', '不是']
spdb3238	695亿元
spdb3239	今年以来，浙江银行业持续加大棚改支持力度，通过创新“投贷联动”、“政府购买”、“差异银团”、“组合贷款”、“债贷结合”和“政银合作”六大模式，至6月末棚改融资余额达929亿元，比年初增长38%，1-
spdb3240	中国开行、农发行浙江省分行发挥专项建设基金+项目贷款”优势优势来推动项目实施落地？
spdb3247	本指引所称银行业金融机构是指在中华人民共和国境内设立的商业银行、农村信用合作社等吸收公众存款的金融机构及政策性银行。
spdb3248	从业人员（以下简称从业人员）是指按照《中华人民共和国劳动合同法》规定，与银行业金融机构签订劳动合同的在岗人员，银行业金融机构董（理）事会成员、监事会成员及高级管理人员，以及银行业金融机构聘用或与劳务派遣机构签订协议从事辅助性金融服务的其他人员。
spdb3249	银行业金融机构人员行为管理风险本人员行为信用风险流动性风险操作风险声誉风险风险
spdb3250	2015年，青海银监局围绕发展普惠金融、发展绿色信贷、支持县域发展、支持企业脱困发展、支持创业创新、加强银担合作等重点领域，研究印发了一批关于银行业服务实体经济发展的
spdb3257	上述机构新上线的录音、录像系统的特点是能够与核心系统实时连接，根据不同产品提供标准话术，实现较长的录像保存时间，以及快速检索和回放。
spdb3258	3513个390个1982个
spdb3259	3513个390个1982个
spdb3260	11月22日上午，由中国银监会、中国银行业协会主办的农村信用社60年发展历程暨金融服务产品博览会在北京国家会议中心隆重举行。
spdb3267	营口银行转变观念，大胆创新，结合银行实际和涉农小微企业的具体困难，不断开发适合不同行业、企业的特色信贷产品，打造了“金穗贷”、“渔户助力贷”、“农贷保”等一批为涉农小微企业量身定制的金融产品。
spdb3268	营口银行调研发现，影响涉农小微企业贷款难的问题主要集中在一些企业管理不规范、融资理念不强、资金流量大、利润空间小、存货占用资金，产品无法办理保险、生产受自然环境因素影响大等诸多因素。
spdb3269	['yes', '是']
spdb3270	建设银行上海市分行对信托类客户采取持续加大营销力度，特别是通过母子联动，与系统内信托公司开展全面合作，扩大托管规模和份额的措施
spdb3277	3亿元首例6个1544户
spdb3278	6个1544户
spdb3279	农发行泰安市分行积极支持易地扶贫搬迁项目做出以下举措：一是紧跟政策、确定扶贫重点支持项目。
spdb3280	['yes', '是']
spdb3287	今年1季度，新疆银行业运行总体平稳，呈现出规模增长放缓、盈利稳中有降的趋势。
spdb3288	今年1季度，新疆银行业信贷投放情况仍保持快速增长。
spdb3289	中小法人银行业机构风险管理能力从以下方面得到提升：一是整体流动性的稳定程度有所增强。截至 2016年3月末，辖内中小法人机构平均流动性比例48.51%，较年初下降4.92个百分点，同比上升1.39个百分点。
spdb3290	 一季度,受企业经营效益下滑影响,辖内银行业不良贷款具体情况是：余额212.7亿元，较年初新增28.49亿元，同比增长18.3%；不良贷款率1.47%，较年初上升0.15个百分点。
spdb3297	中国银行北京市分行开展演练，包括一线营业厅现场处置和突发事件行动纲领、危机管理部门的危机处置应对和指挥策略、公关宣传部门的媒体沟通和舆论引导策略。
spdb3298	此次演练的意义是贴近实战，促进了分支行工作联动，使一线单位站在更高的角度了解分行的声誉风险管理工作全流程。
spdb3299	3月31日
spdb3300	设置在中银大厦支行营业厅的这台自助办税服务终端，可以为客户提供个税完税证明、自助打印和中行涉税业务办理的“一站式”服务。
spdb3307	开展事前演练分为业务系统停止、网银区防火墙HA配置设置、LinkProof负载均衡配置、单电源设备PDU插座位置调整、生产服务器交换机集群架构调整、大二层整体生成树配置调整、业务系统启动及业务系统验证等八大
spdb3308	['yes', '是']
spdb3309	10月26日
spdb3310	“科技板”是贯彻落实省委、省政府《关于深化科技体制改革加快创新发展的实施意见》的重要举措，其作为齐鲁股权交易中心的完全独立板块，重点支持创新能力强、发展潜力大、成长前景好的科技型中小微企业挂牌融资，并通过优化挂牌程序，降低
spdb3317	1.46亿元
spdb3318	56.4亿元19.7亿元21.9个
spdb3319	2015年，中国进出口银行山东省分行支持小微企业452户，较年初增加413户，小微企业申贷获得率94.88%，较年初上升4.88个百分点，较好的完成了小微企业贷款增长率、贷款户数及申贷获得率“三个不低于”工作目标。
spdb3320	['yes', '是']
spdb3327	2011西安世界园艺博览会是如下这样严格监控，扎实保障的：一是启动周报制度做好监测。
spdb3328	两家三年2级
spdb3329	石河子分局是如下这样通过“严”明整改来促进村镇银行持续向好发展的：督促建立销号式整改台账，未按整改要求进行整改的，暂停机构网点设立和新业务准入。
spdb3330	['no', '不是']
spdb3337	首笔20亿元4亿元两家8亿元
spdb3338	近日，克拉玛依市首笔产业基金项目成功落地，其意义是：该项目创新了多元化金融服务模式，有力地支持了地方重点项目及民生工程，是克拉玛依银行业金融创新支持地方经济发展的成功典范。
spdb3339	2012年
spdb3340	自2012年集美区政府与进出口银行厦门分行签署战略合作协议以来，双方从项目合作、信用建设、信息共享等方面开展了紧密合作，共同打造全方位、多层次、宽领域的银政合作新机制，进一步推动了集美区经济、特别是外向型经济健康、快速发展，较好实现了
spdb3347	44个
spdb3348	日照银监分局推动辖区政策性银行聚力精准扶贫。
spdb3349	北京银监局市民政局
spdb3350	10家
spdb3357	39项
spdb3358	该行在“存、汇”方面，费用减免范围几乎涵盖了所有结算类项目以及其他日常业务，包括柜面转账汇款手续费、委托（托收）手续费、汇兑查询手续费、ATM跨行取款手续费（每月前15笔、每日前3笔）、网上银行和手机银行汇款
spdb3359	五年1000万元
spdb3360	为加强对网络借贷信息中介机构业务活动的监督管理，促进网络借贷行业健康发展，依据《中华人民共和国民法通则》、《中华人民共和国公司法》、《中华人民共和国合同法》等法律法规，中国银监会、工业和信息化部、公安部、国家互联网信息办公室制定了《网络借贷信息中介机构业务活动管理暂行办法》。
spdb3367	网络借贷信息中介机构不得从事或者接受委托从事下列活动： （一）为自身或变相为自身融资； （二）直接或间接接受、归集出借人的资金； （三）直接或变相向出借人提供担保或者承诺保本保息； （四
spdb3368	为规范商业银行委托贷款业务，加强风险防范，更好地服务实体经济，银监会制定了《商业银行委托贷款管理办法》
spdb3369	三十三条
spdb3370	['yes', '是']
spdb3377	破解信贷扶贫担保难题的措施如下：一是配合农村集体产权改革，创新推出村级股权质押、集体公益林补偿受益权质押基金贷款等农村集体产权抵押贷款产品，有效发挥农村贫困户手中资产的融资增信功能。
spdb3378	银行扶贫办团委部门群体名录部门贫困村贫困户
spdb3379	['yes', '是']
spdb3380	政府集体方式互助担保基金扶贫贷款担保
spdb3387	《P2P网络借贷风险专项整治工作实施方案》要求排查的目的是：准确掌握网贷机构相关数据，提高数据的权威性、准确性和及时性，摸清行业底数，建立较为完整的行业基本数据统计体系，为专项整治工作及今后的行业监管奠定坚实基础。
spdb3388	《P2P网络借贷风险专项整治工作实施方案》要求排查的方式是：采取多方数据汇总、逐一比对、网上核验、现场实地认证等方式进行。
spdb3389	专营机构监管联动会信用卡发展高层论坛局局专营机构监管合作备忘录
spdb3390	《京沪专营机构监管合作备忘录》
spdb3397	关于支持银行业金融机构加大创新力开展科创企业投贷联动试点的指导意见的基本原则是：1.统筹协调，稳步推进。加强多方协作，优化政策环境，整合各方资源，实现市场主导和政府支持相统一，股权投资和银行信贷相结合，引导银行业金融机构有序开展投贷联动试点工作，取得经验后稳步推广。 2.简政放权，因地制宜。充分发挥试点银行业金融机构的主体作用和试点地区银监局监管职能，强调结合试点地区实际情况制定试点方案，加强事中事后管理。 3.风险可控，商业可持续。银行业金融机构要探索建立合理的投贷联动业务发展模式，建立适应科创企业发展规律和金融需求的体制机制，实现风险可控、商业可持续。
spdb3398	开展科创企业投贷联动试点目标是：通过开展投贷联动试点，推动银行业金融机构基于科创企业成长周期前移金融服务，为种子期、初创期、成长期的科创企业提供资金支持，有效增加科创企业金融供给总量，优化金融供给结构，探索推动银行业金融机构业务创新发展。
spdb3399	投贷联动试点银行业金融机构应当具备
spdb3400	银监局前列银行监管
spdb3407	银行管理体系存控信用风险外防整治操作风险隔离交叉风险管理声誉风险风险底线
spdb3408	['yes', '是']
spdb3409	2015年浙江全省新能源汽车整车产量超过7万辆，整车及零部件产业规模超过150亿元，位居全国前列。
spdb3410	在推动“科技金融”发展方面五地具体实施以下举措：一是加强银政合作，对接新能源产业基金。
spdb3417	为适应科技型企业发展规律和金融需求
spdb3418	东莞银行并从企业准入、授信额度、担保方式、贷后管理等方面进行严格风险控制。
spdb3419	银行投贷联动模式投联贷产品
spdb3420	银行投贷联动模式产业基金模式创新尝试中小企业产业投资基金创投基金合作意向
spdb3427	重庆银监局讲通过引导辖内银行业支持国内企业“走出去”，缓解企业在外融资难的问题。
spdb3428	90亿元
spdb3429	['yes', '是']
spdb3430	长江联合金融租赁通过完善内部管理支持体系、优化环保业务线资源配置等方式，优先助推环保企业发展。
spdb3437	建行湖北省分行建立了“统计报告和信息发布机制、网点营业管理和安全管控机制、值班和监控预警报告机制、舆情管理和宣导机制、一线防险抢险指挥机制”等五项机制支持防汛应急指挥中心有效运转
spdb3438	汉口银行为了控制险情，针对光谷数据中心建筑周边渍水严重的情况，启动应急预案，强化供电系统、空调系统及网络系统的风险排查。
spdb3439	['yes', '是']
spdb3440	农行重庆市分行
spdb3447	2014年2015年4月1日起
spdb3448	为有效控制商业银行杠杆化程度，维护商业银行安全、稳健运行，根据《中华人民共和国银行业监督管理法》和《中华人民共和国商业银行法》,制定《商业银行杠杆率管理办法（修订）》。
spdb3449	、外商独资银行和中外合资银行。
spdb3450	4%
spdb3457	《指导意见》坚持以市场为导向发展互联网金融，遵循服务好实体经济、服从宏观调控和维护金融稳定的总体目标
spdb3458	['yes', '是']
spdb3459	互联网支付是指通过计算机、手机等设备，依托互联网发起支付指令、转移货币资金的服务。
spdb3460	网络借贷包括个体网络借贷（即P2P网络借贷）和网络小额贷款。
spdb3467	确保灾区金融服务快捷便利有效的措施：在保证人员和财产安全的前提下，及时恢复日常金融服务，满足灾区群众和企业的资金需求，确保营业不中止，服务不中断。
spdb3468	加强应急值守确保上下联络畅通的措施是：要求灾区银行业机构主要负责人坚守岗位，做好值班工作，保证政务联络畅通，要带好队伍、看好财产、做好灾区金融服务。
spdb3469	['yes', '是']
spdb3470	12月21日，银监会党委书记、主席郭树清同志主持召开党委扩大会议，传达学习中央经济工作会议精神。
spdb3477	郭树清
spdb3478	会议认为，实施乡村振兴战略，必须深入学习贯彻习近平新时代中国特色社会主义思想中关于“三农”工作的新理念新思想新战略。
spdb3479	服务好精准脱贫攻坚战的措施是：一是强化政策引导。有针对性地持续健全扶贫小额信贷相关政策框架，指导银行业机构安排专项资金，单独考核责任，以深度贫困地区和特殊贫困人口为重点，持续加大扶贫小额信贷投放力度。二是创新服务方式。引导银行业机构在风险可控前提
spdb3480	健全适合农业农村特点的农村金融体系的措施是：一是推动各类涉农银行业机构回归本源，将服务农村实体经济作为出发点和落脚点，提供差异化、特色化涉农金融产品和服务，不断健全符合中国农村特点的农村金融体系。二是完善村镇银行准入条件，继续发展村镇银行等小微金融机构
spdb3487	46.5亿元15237.3万元
spdb3488	下一步，上海银监局将继续推进辖内机构深化“六专机制”（即专营的组织架构体系、专业的经营管理团队、专用的风险管理制度和技术手段、专门的管理信息系统、专项的激励考核机制、专属的客户信贷“新三查”标准）建设
spdb3489	兴业银行上海分行“四项机制”支持专精特新中小企业，具体举措如下：一是建立全员营销机制
spdb3490	四是实施续贷机制
spdb3497	['yes', '是']
spdb3498	2013年11月初一个月
spdb3499	广西银监局采取以下措施推动化解钢铁煤炭过剩产能：一是强化政策引导。下发支持供给侧结构性改革工作意见，明确“对包括钢铁、有色、建材、船舶、煤炭等各行业中产品有竞争力、有市场、有效益的优质企业继续给予信贷支持；对产能
spdb3500	广西银监局对产能严重过剩行业未取得合法手续的新增产能建设项目，一律不得给予授信。
spdb3507	['yes', '是']
spdb3508	2015年
spdb3509	新加坡大华银行与中国国际贸易促进委员会签订合作备忘录，以促进中国和东南亚地区的双边贸易与投资。
spdb3510	中资企业“走出去”的过程中出现融资需求时，往往因为在当地没有足够的经营信息或履约历史等信用不足的问题，导致境外融资困难。
